transaction_id,merchant_id,customer_id,amount,payment_method,status,failure_reason,retry_count,created_at
TXN100001,MERCHANT001,CUSTOMER7926,16386.29,UPI,SUCCESS,,0,2026-08-11T05:45:58.380680
TXN100002,MERCHANT003,CUSTOMER8581,6536.39,NET_BANKING,SUCCESS,,0,2026-07-31T22:57:24.380726
TXN100003,MERCHANT001,CUSTOMER2560,19930.96,WALLET,SUCCESS,,0,2026-08-14T00:58:50.380736
TXN100004,MERCHANT001,CUSTOMER5769,21706.81,NET_BANKING,SUCCESS,,0,2026-08-05T19:37:53.380743
TXN100005,MERCHANT004,CUSTOMER3933,24982.58,UPI,SUCCESS,,0,2026-08-01T19:57:09.380750
TXN100006,MERCHANT003,CUSTOMER7847,14038.63,WALLET,FAILED,TIMEOUT,1,2026-07-25T13:03:35.380763
TXN100007,MERCHANT002,CUSTOMER3019,24086.11,UPI,FAILED,BANK_DECLINED,2,2026-08-12T08:37:09.380774
TXN100008,MERCHANT005,CUSTOMER3680,18804.6,WALLET,SUCCESS,,0,2026-08-01T17:04:06.380780
TXN100009,MERCHANT001,CUSTOMER9898,7232.13,CARD,SUCCESS,,0,2026-08-09T00:56:50.380791
TXN100010,MERCHANT001,CUSTOMER2799,3972.36,WALLET,SUCCESS,,0,2026-08-24T08:10:35.380796
TXN100011,MERCHANT003,CUSTOMER8103,13562.04,WALLET,SUCCESS,,0,2026-08-12T13:19:50.380802
TXN100012,MERCHANT003,CUSTOMER5834,21671.12,NET_BANKING,SUCCESS,,0,2026-08-02T10:58:47.380808
TXN100013,MERCHANT005,CUSTOMER5881,11758.82,WALLET,SUCCESS,,0,2026-08-22T03:23:31.380813
TXN100014,MERCHANT001,CUSTOMER4657,487.35,NET_BANKING,SUCCESS,,0,2026-08-20T16:48:12.380819
TXN100015,MERCHANT003,CUSTOMER2276,10087.6,CARD,SUCCESS,,0,2026-07-29T02:09:23.380824
TXN100016,MERCHANT003,CUSTOMER4957,16264.65,NET_BANKING,SUCCESS,,0,2026-08-08T19:53:54.380829
TXN100017,MERCHANT002,CUSTOMER5330,180.99,UPI,SUCCESS,,0,2026-08-23T16:41:47.380835
TXN100018,MERCHANT005,CUSTOMER3737,20462.1,CARD,SUCCESS,,0,2026-08-05T06:00:59.380840
TXN100019,MERCHANT003,CUSTOMER5102,21318.06,NET_BANKING,SUCCESS,,0,2026-08-19T15:08:37.380845
TXN100020,MERCHANT003,CUSTOMER8956,17671.1,CARD,FAILED,TIMEOUT,1,2026-08-21T14:20:28.380853
TXN100021,MERCHANT001,CUSTOMER1726,16470.12,WALLET,SUCCESS,,0,2026-08-21T23:17:53.380858
TXN100022,MERCHANT001,CUSTOMER2094,13279.16,CARD,SUCCESS,,0,2026-08-19T12:59:42.380863
TXN100023,MERCHANT003,CUSTOMER3154,10289.61,WALLET,SUCCESS,,0,2026-08-20T06:13:29.380868
TXN100024,MERCHANT005,CUSTOMER2469,23448.16,NET_BANKING,SUCCESS,,0,2026-07-30T11:05:37.380873
TXN100025,MERCHANT003,CUSTOMER6627,18076.11,UPI,SUCCESS,,0,2026-08-06T10:37:55.380879
TXN100026,MERCHANT005,CUSTOMER4449,21407.26,UPI,SUCCESS,,0,2026-08-17T07:59:07.380884
TXN100027,MERCHANT001,CUSTOMER6905,17581.66,UPI,SUCCESS,,0,2026-07-25T02:21:11.380891
TXN100028,MERCHANT002,CUSTOMER3169,18260.09,NET_BANKING,SUCCESS,,0,2026-07-27T11:33:41.380896
TXN100029,MERCHANT003,CUSTOMER2601,11174.47,WALLET,SUCCESS,,0,2026-08-24T15:22:18.380901
TXN100030,MERCHANT001,CUSTOMER1531,12261.09,WALLET,SUCCESS,,0,2026-08-18T02:44:40.380907
TXN100031,MERCHANT003,CUSTOMER4071,12158.39,UPI,SUCCESS,,0,2026-08-20T05:57:39.380912
TXN100032,MERCHANT003,CUSTOMER4460,24737.36,CARD,FAILED,BANK_DECLINED,0,2026-08-24T01:27:06.380918
TXN100033,MERCHANT002,CUSTOMER5582,5872.85,CARD,FAILED,INSUFFICIENT_FUNDS,3,2026-08-06T03:11:53.380925
TXN100034,MERCHANT004,CUSTOMER8158,17814.93,NET_BANKING,SUCCESS,,0,2026-08-02T09:23:48.380931
TXN100035,MERCHANT005,CUSTOMER8498,15890.06,UPI,FAILED,INSUFFICIENT_FUNDS,0,2026-08-02T04:41:46.380937
TXN100036,MERCHANT004,CUSTOMER6989,19145.5,WALLET,SUCCESS,,0,2026-08-07T11:27:33.380943
TXN100037,MERCHANT005,CUSTOMER3179,18334.17,WALLET,SUCCESS,,0,2026-08-20T02:26:34.380949
TXN100038,MERCHANT005,CUSTOMER4776,4317.0,UPI,SUCCESS,,0,2026-08-11T12:27:57.380954
TXN100039,MERCHANT004,CUSTOMER8101,20710.16,CARD,SUCCESS,,0,2026-08-24T14:14:10.380959
TXN100040,MERCHANT005,CUSTOMER5084,13813.49,UPI,FAILED,BANK_DECLINED,1,2026-08-19T07:45:15.380965
TXN100041,MERCHANT005,CUSTOMER1115,16931.6,WALLET,SUCCESS,,0,2026-07-26T15:46:53.380971
TXN100042,MERCHANT004,CUSTOMER5897,2645.76,WALLET,SUCCESS,,0,2026-07-25T12:34:05.380976
TXN100043,MERCHANT002,CUSTOMER4933,18757.21,UPI,SUCCESS,,0,2026-08-15T13:20:12.380981
TXN100044,MERCHANT005,CUSTOMER9040,5244.51,WALLET,FAILED,NETWORK_ERROR,1,2026-08-01T16:59:09.380987
TXN100045,MERCHANT003,CUSTOMER6076,10733.15,WALLET,SUCCESS,,0,2026-07-27T11:00:53.380993
TXN100046,MERCHANT001,CUSTOMER8542,7048.14,WALLET,SUCCESS,,0,2026-08-18T10:43:39.380999
TXN100047,MERCHANT005,CUSTOMER7967,10687.02,UPI,SUCCESS,,0,2026-08-18T08:28:28.381004
TXN100048,MERCHANT003,CUSTOMER7836,15646.32,UPI,SUCCESS,,0,2026-08-15T20:23:37.381010
TXN100049,MERCHANT003,CUSTOMER6495,6217.24,NET_BANKING,SUCCESS,,0,2026-07-26T17:24:26.381015
TXN100050,MERCHANT005,CUSTOMER1182,10951.86,UPI,SUCCESS,,0,2026-08-17T14:43:28.381020
TXN100051,MERCHANT003,CUSTOMER6132,13903.83,UPI,SUCCESS,,0,2026-08-12T21:53:12.381025
TXN100052,MERCHANT003,CUSTOMER4103,1576.26,NET_BANKING,SUCCESS,,0,2026-08-12T23:11:44.381030
TXN100053,MERCHANT001,CUSTOMER8570,21103.54,WALLET,SUCCESS,,0,2026-07-28T20:18:30.381036
TXN100054,MERCHANT003,CUSTOMER6508,6697.72,UPI,SUCCESS,,0,2026-07-29T17:56:14.381043
TXN100055,MERCHANT003,CUSTOMER3961,1251.07,UPI,SUCCESS,,0,2026-08-19T12:33:11.381049
TXN100056,MERCHANT003,CUSTOMER7565,1361.31,NET_BANKING,SUCCESS,,0,2026-08-01T02:18:15.381055
TXN100057,MERCHANT002,CUSTOMER9556,2920.22,NET_BANKING,SUCCESS,,0,2026-08-07T14:06:08.381061
TXN100058,MERCHANT001,CUSTOMER7410,20365.51,UPI,SUCCESS,,0,2026-07-31T03:47:13.381066
TXN100059,MERCHANT005,CUSTOMER4296,15447.81,CARD,SUCCESS,,0,2026-08-09T13:53:59.381071
TXN100060,MERCHANT004,CUSTOMER3432,20460.76,UPI,SUCCESS,,0,2026-07-28T09:41:19.381077
TXN100061,MERCHANT004,CUSTOMER1428,19069.42,NET_BANKING,SUCCESS,,0,2026-07-28T17:10:32.381082
TXN100062,MERCHANT003,CUSTOMER1127,1638.36,NET_BANKING,SUCCESS,,0,2026-08-18T15:24:12.381087
TXN100063,MERCHANT005,CUSTOMER9225,15362.78,UPI,SUCCESS,,0,2026-08-22T02:32:31.381092
TXN100064,MERCHANT004,CUSTOMER4383,6363.35,WALLET,SUCCESS,,0,2026-07-27T02:59:30.381097
TXN100065,MERCHANT002,CUSTOMER4891,11656.48,UPI,SUCCESS,,0,2026-08-24T11:32:46.381103
TXN100066,MERCHANT003,CUSTOMER9647,7633.46,CARD,SUCCESS,,0,2026-08-16T08:15:32.381108
TXN100067,MERCHANT005,CUSTOMER6624,12890.39,UPI,SUCCESS,,0,2026-07-26T09:00:14.381114
TXN100068,MERCHANT002,CUSTOMER9730,16775.84,UPI,SUCCESS,,0,2026-08-16T19:30:04.381119
TXN100069,MERCHANT001,CUSTOMER1927,1779.71,UPI,SUCCESS,,0,2026-08-13T20:16:48.381124
TXN100070,MERCHANT003,CUSTOMER6517,11789.09,WALLET,SUCCESS,,0,2026-08-01T10:45:03.381129
TXN100071,MERCHANT003,CUSTOMER9364,6842.7,CARD,SUCCESS,,0,2026-07-30T01:17:40.381134
TXN100072,MERCHANT002,CUSTOMER6229,6094.15,NET_BANKING,SUCCESS,,0,2026-08-11T11:41:16.381140
TXN100073,MERCHANT001,CUSTOMER9126,17022.28,UPI,SUCCESS,,0,2026-08-11T17:26:57.381145
TXN100074,MERCHANT003,CUSTOMER9181,13065.97,CARD,SUCCESS,,0,2026-08-14T11:40:40.381150
TXN100075,MERCHANT003,CUSTOMER6277,1870.56,WALLET,SUCCESS,,0,2026-08-16T09:19:25.381155
TXN100076,MERCHANT003,CUSTOMER5394,13232.29,UPI,SUCCESS,,0,2026-07-30T19:52:57.381160
TXN100077,MERCHANT005,CUSTOMER3656,6427.61,CARD,SUCCESS,,0,2026-08-16T11:27:50.381166
TXN100078,MERCHANT001,CUSTOMER8793,19449.59,UPI,SUCCESS,,0,2026-08-22T10:50:55.381171
TXN100079,MERCHANT003,CUSTOMER6831,6608.66,WALLET,SUCCESS,,0,2026-08-01T22:39:10.381176
TXN100080,MERCHANT001,CUSTOMER9057,2110.4,CARD,SUCCESS,,0,2026-08-15T23:02:43.381181
TXN100081,MERCHANT004,CUSTOMER5989,414.71,CARD,SUCCESS,,0,2026-07-31T12:10:21.381186
TXN100082,MERCHANT004,CUSTOMER2429,10555.75,NET_BANKING,SUCCESS,,0,2026-08-04T05:36:49.381191
TXN100083,MERCHANT004,CUSTOMER9050,23161.02,WALLET,FAILED,TIMEOUT,0,2026-08-12T17:06:49.381198
TXN100084,MERCHANT004,CUSTOMER6810,11679.46,UPI,SUCCESS,,0,2026-08-10T18:26:33.381203
TXN100085,MERCHANT004,CUSTOMER9737,5830.94,WALLET,SUCCESS,,0,2026-07-25T05:06:29.381208
TXN100086,MERCHANT003,CUSTOMER3904,20922.24,UPI,FAILED,TIMEOUT,0,2026-08-14T19:03:59.381214
TXN100087,MERCHANT003,CUSTOMER3984,2713.21,WALLET,FAILED,INSUFFICIENT_FUNDS,2,2026-07-28T23:54:45.381221
TXN100088,MERCHANT001,CUSTOMER7562,4036.53,UPI,SUCCESS,,0,2026-07-27T10:29:55.381227
TXN100089,MERCHANT003,CUSTOMER1512,17901.07,CARD,FAILED,NETWORK_ERROR,3,2026-08-22T07:11:47.381233
TXN100090,MERCHANT003,CUSTOMER6103,13864.57,WALLET,SUCCESS,,0,2026-07-25T09:19:14.381238
TXN100091,MERCHANT002,CUSTOMER2400,11493.5,NET_BANKING,SUCCESS,,0,2026-08-06T10:36:58.381331
TXN100092,MERCHANT005,CUSTOMER3323,14989.37,CARD,SUCCESS,,0,2026-08-05T21:20:08.381342
TXN100093,MERCHANT001,CUSTOMER9455,11355.14,UPI,SUCCESS,,0,2026-08-18T12:12:59.381349
TXN100094,MERCHANT004,CUSTOMER1406,8587.61,WALLET,SUCCESS,,0,2026-08-22T05:36:32.381354
TXN100095,MERCHANT004,CUSTOMER9170,9705.4,NET_BANKING,SUCCESS,,0,2026-08-19T14:47:55.381359
TXN100096,MERCHANT002,CUSTOMER1436,15786.84,WALLET,SUCCESS,,0,2026-07-27T16:53:58.381365
TXN100097,MERCHANT001,CUSTOMER1574,21691.65,WALLET,SUCCESS,,0,2026-07-28T17:40:48.381370
TXN100098,MERCHANT003,CUSTOMER5582,2167.95,UPI,SUCCESS,,0,2026-07-25T18:56:06.381375
TXN100099,MERCHANT001,CUSTOMER2497,13286.22,UPI,SUCCESS,,0,2026-08-14T18:50:25.381381
TXN100100,MERCHANT001,CUSTOMER5425,10351.47,NET_BANKING,SUCCESS,,0,2026-08-14T00:31:17.381386
TXN100101,MERCHANT005,CUSTOMER9399,3365.91,CARD,SUCCESS,,0,2026-08-18T18:34:45.381391
TXN100102,MERCHANT002,CUSTOMER1597,16850.68,WALLET,SUCCESS,,0,2026-08-23T19:01:08.381397
TXN100103,MERCHANT002,CUSTOMER6305,6484.44,WALLET,FAILED,NETWORK_ERROR,1,2026-08-16T15:54:35.381404
TXN100104,MERCHANT001,CUSTOMER7038,11253.99,CARD,SUCCESS,,0,2026-08-16T15:16:40.381410
TXN100105,MERCHANT005,CUSTOMER2916,16250.81,WALLET,SUCCESS,,0,2026-07-27T08:03:31.381415
TXN100106,MERCHANT003,CUSTOMER2139,24738.8,CARD,SUCCESS,,0,2026-08-14T09:13:18.381420
TXN100107,MERCHANT003,CUSTOMER9269,24410.23,CARD,SUCCESS,,0,2026-08-20T21:12:48.381425
TXN100108,MERCHANT004,CUSTOMER1646,17758.83,NET_BANKING,SUCCESS,,0,2026-08-06T14:31:47.381430
TXN100109,MERCHANT003,CUSTOMER2785,19111.38,NET_BANKING,SUCCESS,,0,2026-08-15T04:43:16.381436
TXN100110,MERCHANT004,CUSTOMER4137,22670.44,UPI,SUCCESS,,0,2026-07-31T13:06:45.381441
TXN100111,MERCHANT001,CUSTOMER2868,22883.39,NET_BANKING,SUCCESS,,0,2026-08-18T02:28:17.381454
TXN100112,MERCHANT001,CUSTOMER3907,5014.48,CARD,SUCCESS,,0,2026-08-07T06:17:17.381460
TXN100113,MERCHANT001,CUSTOMER2235,22557.21,UPI,SUCCESS,,0,2026-08-24T05:01:01.381466
TXN100114,MERCHANT003,CUSTOMER9184,17536.0,NET_BANKING,SUCCESS,,0,2026-08-18T07:44:48.381471
TXN100115,MERCHANT005,CUSTOMER1891,949.61,WALLET,SUCCESS,,0,2026-08-12T07:43:48.381477
TXN100116,MERCHANT004,CUSTOMER9416,12054.89,UPI,SUCCESS,,0,2026-08-06T15:26:23.381482
TXN100117,MERCHANT003,CUSTOMER8916,20656.03,CARD,SUCCESS,,0,2026-07-31T21:32:02.381487
TXN100118,MERCHANT003,CUSTOMER7076,15383.02,UPI,SUCCESS,,0,2026-07-29T08:55:32.381493
TXN100119,MERCHANT004,CUSTOMER4867,18350.53,NET_BANKING,SUCCESS,,0,2026-08-18T07:22:06.381498
TXN100120,MERCHANT001,CUSTOMER1650,9396.22,CARD,SUCCESS,,0,2026-08-14T13:51:25.381503
TXN100121,MERCHANT002,CUSTOMER4999,1680.38,NET_BANKING,FAILED,TIMEOUT,1,2026-07-31T06:23:46.381511
TXN100122,MERCHANT004,CUSTOMER4178,22600.1,WALLET,SUCCESS,,0,2026-08-20T05:19:31.381517
TXN100123,MERCHANT002,CUSTOMER5193,8127.52,WALLET,FAILED,UNKNOWN,3,2026-08-21T16:38:35.381523
TXN100124,MERCHANT004,CUSTOMER2162,11708.39,NET_BANKING,SUCCESS,,0,2026-08-07T10:12:50.381529
TXN100125,MERCHANT003,CUSTOMER4687,16899.15,WALLET,SUCCESS,,0,2026-08-19T09:54:08.381534
TXN100126,MERCHANT003,CUSTOMER6917,19325.77,CARD,SUCCESS,,0,2026-08-18T20:35:22.381540
TXN100127,MERCHANT002,CUSTOMER5050,11502.32,WALLET,SUCCESS,,0,2026-08-22T13:14:05.381545
TXN100128,MERCHANT004,CUSTOMER1182,23951.27,CARD,SUCCESS,,0,2026-08-23T07:36:35.381550
TXN100129,MERCHANT001,CUSTOMER5347,13975.6,WALLET,SUCCESS,,0,2026-08-23T20:36:38.381556
TXN100130,MERCHANT001,CUSTOMER4665,19559.92,WALLET,FAILED,INSUFFICIENT_FUNDS,1,2026-07-29T01:30:53.381562
TXN100131,MERCHANT001,CUSTOMER3921,18423.06,UPI,SUCCESS,,0,2026-08-24T01:48:32.381567
TXN100132,MERCHANT005,CUSTOMER7326,1410.61,NET_BANKING,FAILED,TIMEOUT,3,2026-08-01T02:30:12.381573
TXN100133,MERCHANT004,CUSTOMER6896,5910.55,NET_BANKING,FAILED,INSUFFICIENT_FUNDS,2,2026-08-10T11:44:51.381580
TXN100134,MERCHANT001,CUSTOMER1063,18679.52,WALLET,FAILED,INSUFFICIENT_FUNDS,0,2026-08-20T01:20:02.381586
TXN100135,MERCHANT001,CUSTOMER5445,9402.79,WALLET,SUCCESS,,0,2026-08-15T10:07:36.381592
TXN100136,MERCHANT002,CUSTOMER3166,408.39,UPI,FAILED,TIMEOUT,1,2026-08-02T09:36:29.381598
TXN100137,MERCHANT005,CUSTOMER8439,10631.94,WALLET,SUCCESS,,0,2026-08-21T21:20:08.381603
TXN100138,MERCHANT004,CUSTOMER6849,15482.23,NET_BANKING,SUCCESS,,0,2026-07-26T00:54:39.381609
TXN100139,MERCHANT005,CUSTOMER4897,7388.35,UPI,SUCCESS,,0,2026-08-11T04:06:10.381614
TXN100140,MERCHANT002,CUSTOMER3968,21250.7,NET_BANKING,SUCCESS,,0,2026-07-30T21:22:09.381619
TXN100141,MERCHANT004,CUSTOMER5499,21743.6,WALLET,SUCCESS,,0,2026-08-14T04:06:34.381624
TXN100142,MERCHANT001,CUSTOMER5872,16622.76,CARD,SUCCESS,,0,2026-08-10T07:27:09.381629
TXN100143,MERCHANT002,CUSTOMER4548,9451.29,NET_BANKING,SUCCESS,,0,2026-08-18T05:56:23.381634
TXN100144,MERCHANT002,CUSTOMER2493,20816.3,WALLET,SUCCESS,,0,2026-07-29T19:01:12.381640
TXN100145,MERCHANT001,CUSTOMER3792,18589.73,CARD,SUCCESS,,0,2026-08-17T12:21:19.381645
TXN100146,MERCHANT003,CUSTOMER4084,16757.5,NET_BANKING,FAILED,TIMEOUT,3,2026-08-15T07:01:21.381651
TXN100147,MERCHANT002,CUSTOMER4550,11628.42,WALLET,SUCCESS,,0,2026-08-08T14:33:16.381656
TXN100148,MERCHANT003,CUSTOMER6625,17353.83,WALLET,SUCCESS,,0,2026-08-16T19:27:34.381661
TXN100149,MERCHANT003,CUSTOMER9809,857.8,CARD,SUCCESS,,0,2026-08-16T00:41:50.381666
TXN100150,MERCHANT002,CUSTOMER2241,2120.65,CARD,FAILED,TIMEOUT,1,2026-07-30T17:09:20.381674
TXN100151,MERCHANT005,CUSTOMER9155,8052.7,UPI,SUCCESS,,0,2026-08-23T06:56:53.381682
TXN100152,MERCHANT005,CUSTOMER7875,22775.35,WALLET,SUCCESS,,0,2026-08-04T03:02:31.381687
TXN100153,MERCHANT004,CUSTOMER6193,2942.57,NET_BANKING,SUCCESS,,0,2026-07-25T04:44:17.381692
TXN100154,MERCHANT004,CUSTOMER1221,10842.07,WALLET,SUCCESS,,0,2026-08-09T02:24:06.381698
TXN100155,MERCHANT005,CUSTOMER3770,9486.57,NET_BANKING,SUCCESS,,0,2026-07-28T15:57:48.381703
TXN100156,MERCHANT001,CUSTOMER9048,24782.97,CARD,SUCCESS,,0,2026-08-02T01:13:48.381708
TXN100157,MERCHANT003,CUSTOMER5207,6839.4,NET_BANKING,FAILED,INSUFFICIENT_FUNDS,0,2026-08-16T07:57:02.381715
TXN100158,MERCHANT004,CUSTOMER8491,16095.35,CARD,SUCCESS,,0,2026-08-01T15:39:59.381720
TXN100159,MERCHANT002,CUSTOMER9030,2936.45,NET_BANKING,SUCCESS,,0,2026-08-15T20:35:31.381725
TXN100160,MERCHANT002,CUSTOMER7167,5351.09,CARD,FAILED,TIMEOUT,3,2026-07-30T16:47:33.381731
TXN100161,MERCHANT003,CUSTOMER1086,11074.12,NET_BANKING,SUCCESS,,0,2026-08-06T12:08:17.381737
TXN100162,MERCHANT005,CUSTOMER1893,2109.42,CARD,FAILED,NETWORK_ERROR,3,2026-08-23T20:54:33.381743
TXN100163,MERCHANT002,CUSTOMER6131,2784.77,WALLET,SUCCESS,,0,2026-08-03T09:37:38.381748
TXN100164,MERCHANT005,CUSTOMER6560,8029.62,WALLET,SUCCESS,,0,2026-07-25T09:42:21.381753
TXN100165,MERCHANT003,CUSTOMER9492,1533.31,CARD,SUCCESS,,0,2026-08-09T04:03:51.381759
TXN100166,MERCHANT002,CUSTOMER2728,17834.8,WALLET,SUCCESS,,0,2026-08-06T09:38:38.381764
TXN100167,MERCHANT005,CUSTOMER7126,4029.36,NET_BANKING,SUCCESS,,0,2026-08-05T19:31:02.381769
TXN100168,MERCHANT002,CUSTOMER7360,16722.21,NET_BANKING,SUCCESS,,0,2026-08-07T00:54:15.381775
TXN100169,MERCHANT002,CUSTOMER5012,20732.7,UPI,SUCCESS,,0,2026-08-01T11:44:46.381780
TXN100170,MERCHANT001,CUSTOMER3425,15179.33,WALLET,SUCCESS,,0,2026-08-06T03:09:00.381785
TXN100171,MERCHANT001,CUSTOMER3696,13274.73,UPI,SUCCESS,,0,2026-08-19T12:51:41.381791
TXN100172,MERCHANT004,CUSTOMER6765,8430.66,NET_BANKING,SUCCESS,,0,2026-07-28T12:23:26.381796
TXN100173,MERCHANT004,CUSTOMER7184,15378.48,NET_BANKING,SUCCESS,,0,2026-08-22T22:12:29.381801
TXN100174,MERCHANT005,CUSTOMER6221,1894.46,CARD,FAILED,NETWORK_ERROR,3,2026-08-18T09:47:04.381807
TXN100175,MERCHANT004,CUSTOMER1832,323.71,CARD,SUCCESS,,0,2026-08-15T05:36:28.381813
TXN100176,MERCHANT005,CUSTOMER6177,4120.03,NET_BANKING,SUCCESS,,0,2026-08-05T08:37:51.381818
TXN100177,MERCHANT003,CUSTOMER7934,19940.29,NET_BANKING,SUCCESS,,0,2026-08-13T21:01:15.381824
TXN100178,MERCHANT004,CUSTOMER3779,16698.33,WALLET,SUCCESS,,0,2026-07-30T02:47:05.381830
TXN100179,MERCHANT004,CUSTOMER9923,10331.47,NET_BANKING,SUCCESS,,0,2026-08-18T09:41:28.381835
TXN100180,MERCHANT005,CUSTOMER7806,2529.34,NET_BANKING,SUCCESS,,0,2026-08-13T06:01:41.381840
TXN100181,MERCHANT002,CUSTOMER2105,21131.75,NET_BANKING,SUCCESS,,0,2026-08-08T22:50:12.381884
TXN100182,MERCHANT003,CUSTOMER1805,20626.66,WALLET,SUCCESS,,0,2026-08-11T16:24:32.381890
TXN100183,MERCHANT002,CUSTOMER1259,15594.6,WALLET,SUCCESS,,0,2026-07-28T20:24:16.381895
TXN100184,MERCHANT003,CUSTOMER2910,13987.01,UPI,FAILED,TIMEOUT,3,2026-07-30T13:52:34.381902
TXN100185,MERCHANT004,CUSTOMER7359,7890.47,UPI,SUCCESS,,0,2026-08-04T15:41:08.381907
TXN100186,MERCHANT002,CUSTOMER6259,22425.23,WALLET,SUCCESS,,0,2026-08-18T04:11:35.381912
TXN100187,MERCHANT005,CUSTOMER3543,15781.17,NET_BANKING,SUCCESS,,0,2026-08-10T08:38:37.381918
TXN100188,MERCHANT003,CUSTOMER5028,24931.81,WALLET,SUCCESS,,0,2026-07-28T08:55:21.381923
TXN100189,MERCHANT004,CUSTOMER1500,3961.35,UPI,SUCCESS,,0,2026-08-09T04:02:48.381928
TXN100190,MERCHANT002,CUSTOMER1460,6007.42,NET_BANKING,FAILED,BANK_DECLINED,2,2026-07-26T12:54:18.381934
TXN100191,MERCHANT005,CUSTOMER8384,6946.12,CARD,SUCCESS,,0,2026-08-02T00:25:04.381940
TXN100192,MERCHANT005,CUSTOMER6332,22415.97,WALLET,SUCCESS,,0,2026-07-30T05:44:46.381945
TXN100193,MERCHANT002,CUSTOMER9420,2974.05,CARD,SUCCESS,,0,2026-07-31T04:55:57.381950
TXN100194,MERCHANT003,CUSTOMER8923,1647.22,WALLET,SUCCESS,,0,2026-08-02T15:04:27.381955
TXN100195,MERCHANT003,CUSTOMER6496,23958.78,WALLET,SUCCESS,,0,2026-07-28T07:13:35.381960
TXN100196,MERCHANT003,CUSTOMER5170,14185.1,CARD,SUCCESS,,0,2026-08-08T17:47:52.381965
TXN100197,MERCHANT004,CUSTOMER5282,9276.84,CARD,SUCCESS,,0,2026-08-06T06:16:28.381971
TXN100198,MERCHANT002,CUSTOMER5671,11383.27,WALLET,SUCCESS,,0,2026-08-12T22:25:43.381976
TXN100199,MERCHANT003,CUSTOMER7131,13817.53,UPI,SUCCESS,,0,2026-07-28T09:05:06.381981
TXN100200,MERCHANT003,CUSTOMER3507,10986.68,UPI,SUCCESS,,0,2026-07-30T10:23:53.381986
TXN100201,MERCHANT004,CUSTOMER3750,18778.77,NET_BANKING,SUCCESS,,0,2026-07-31T19:28:09.381991
TXN100202,MERCHANT004,CUSTOMER3735,15312.68,WALLET,SUCCESS,,0,2026-08-04T00:26:43.381996
TXN100203,MERCHANT002,CUSTOMER3026,16584.05,WALLET,SUCCESS,,0,2026-08-11T05:26:29.382001
TXN100204,MERCHANT002,CUSTOMER3076,3869.58,UPI,SUCCESS,,0,2026-08-01T07:08:11.382007
TXN100205,MERCHANT003,CUSTOMER1374,11889.72,UPI,SUCCESS,,0,2026-08-01T16:04:20.382012
TXN100206,MERCHANT005,CUSTOMER4624,385.56,NET_BANKING,FAILED,INSUFFICIENT_FUNDS,0,2026-08-24T08:14:46.382018
TXN100207,MERCHANT004,CUSTOMER5173,9150.98,CARD,SUCCESS,,0,2026-08-04T17:28:48.382023
TXN100208,MERCHANT005,CUSTOMER5343,17550.49,UPI,FAILED,INSUFFICIENT_FUNDS,1,2026-08-07T21:20:38.382029
TXN100209,MERCHANT003,CUSTOMER6935,10052.99,UPI,SUCCESS,,0,2026-08-19T00:47:03.382035
TXN100210,MERCHANT001,CUSTOMER5060,16404.29,CARD,SUCCESS,,0,2026-08-10T04:42:20.382040
TXN100211,MERCHANT004,CUSTOMER1535,8502.42,WALLET,FAILED,TIMEOUT,0,2026-08-11T13:33:51.382046
TXN100212,MERCHANT001,CUSTOMER1544,12182.22,NET_BANKING,FAILED,TIMEOUT,0,2026-08-14T20:13:00.382052
TXN100213,MERCHANT003,CUSTOMER3236,3265.46,CARD,SUCCESS,,0,2026-08-20T00:16:57.382058
TXN100214,MERCHANT005,CUSTOMER7083,19912.15,WALLET,SUCCESS,,0,2026-08-07T05:47:15.382063
TXN100215,MERCHANT004,CUSTOMER7368,5828.02,WALLET,SUCCESS,,0,2026-08-07T08:38:26.382068
TXN100216,MERCHANT004,CUSTOMER3953,5082.1,WALLET,FAILED,NETWORK_ERROR,0,2026-08-10T14:14:43.382075
TXN100217,MERCHANT003,CUSTOMER6169,24549.96,CARD,SUCCESS,,0,2026-08-03T21:05:50.382080
TXN100218,MERCHANT001,CUSTOMER9932,17789.9,CARD,FAILED,NETWORK_ERROR,3,2026-08-20T21:17:30.382086
TXN100219,MERCHANT005,CUSTOMER5613,10106.82,CARD,FAILED,INSUFFICIENT_FUNDS,2,2026-07-25T14:38:27.382093
TXN100220,MERCHANT004,CUSTOMER9601,19613.84,CARD,FAILED,TIMEOUT,1,2026-08-11T15:21:02.382099
TXN100221,MERCHANT003,CUSTOMER2814,721.45,NET_BANKING,SUCCESS,,0,2026-08-06T04:35:53.382104
TXN100222,MERCHANT003,CUSTOMER6078,16223.04,CARD,SUCCESS,,0,2026-08-05T23:12:59.382110
TXN100223,MERCHANT001,CUSTOMER2215,1412.27,UPI,SUCCESS,,0,2026-08-14T09:09:19.382115
TXN100224,MERCHANT004,CUSTOMER1129,1648.49,NET_BANKING,FAILED,INSUFFICIENT_FUNDS,3,2026-08-20T14:57:38.382121
TXN100225,MERCHANT002,CUSTOMER3680,14547.49,UPI,SUCCESS,,0,2026-08-05T18:13:47.382126
TXN100226,MERCHANT001,CUSTOMER6678,23471.89,UPI,SUCCESS,,0,2026-08-05T22:39:51.382131
TXN100227,MERCHANT003,CUSTOMER4154,16901.31,UPI,SUCCESS,,0,2026-08-17T20:28:03.382136
TXN100228,MERCHANT005,CUSTOMER3388,4339.32,NET_BANKING,FAILED,TIMEOUT,0,2026-08-05T13:01:10.382142
TXN100229,MERCHANT003,CUSTOMER1279,21749.74,WALLET,SUCCESS,,0,2026-08-11T12:20:44.382148
TXN100230,MERCHANT001,CUSTOMER5769,2498.92,UPI,SUCCESS,,0,2026-08-24T13:20:17.382153
TXN100231,MERCHANT002,CUSTOMER3435,20452.88,NET_BANKING,SUCCESS,,0,2026-08-13T08:20:20.382158
TXN100232,MERCHANT004,CUSTOMER7537,1874.65,CARD,SUCCESS,,0,2026-08-03T06:23:43.382163
TXN100233,MERCHANT002,CUSTOMER6440,15326.53,NET_BANKING,FAILED,UNKNOWN,3,2026-08-13T11:08:47.382169
TXN100234,MERCHANT003,CUSTOMER3039,1831.38,CARD,SUCCESS,,0,2026-08-14T04:43:58.382174
TXN100235,MERCHANT003,CUSTOMER9401,2944.71,WALLET,SUCCESS,,0,2026-08-17T00:22:02.382179
TXN100236,MERCHANT004,CUSTOMER3645,5917.34,CARD,SUCCESS,,0,2026-08-17T15:29:30.382184
TXN100237,MERCHANT002,CUSTOMER9442,24868.53,WALLET,FAILED,UNKNOWN,1,2026-08-18T16:53:45.382190
TXN100238,MERCHANT003,CUSTOMER5261,23253.78,CARD,SUCCESS,,0,2026-08-11T20:41:24.382196
TXN100239,MERCHANT005,CUSTOMER8723,13536.17,WALLET,SUCCESS,,0,2026-08-16T06:56:31.382201
TXN100240,MERCHANT004,CUSTOMER4554,5274.01,NET_BANKING,FAILED,NETWORK_ERROR,3,2026-08-13T09:00:44.382206
TXN100241,MERCHANT005,CUSTOMER6928,11806.59,NET_BANKING,SUCCESS,,0,2026-08-01T00:34:20.382212
TXN100242,MERCHANT004,CUSTOMER9335,9585.4,CARD,SUCCESS,,0,2026-08-08T07:09:35.382217
TXN100243,MERCHANT003,CUSTOMER9006,18279.49,UPI,SUCCESS,,0,2026-07-25T10:38:33.382222
TXN100244,MERCHANT005,CUSTOMER5559,6634.31,NET_BANKING,SUCCESS,,0,2026-08-05T09:49:18.382227
TXN100245,MERCHANT005,CUSTOMER2714,18141.9,NET_BANKING,FAILED,TIMEOUT,0,2026-08-14T01:14:11.382233
TXN100246,MERCHANT005,CUSTOMER1741,12801.91,CARD,FAILED,BANK_DECLINED,0,2026-08-01T12:17:15.382240
TXN100247,MERCHANT005,CUSTOMER9964,17564.17,NET_BANKING,SUCCESS,,0,2026-07-26T12:32:43.382245
TXN100248,MERCHANT002,CUSTOMER8973,5930.37,NET_BANKING,SUCCESS,,0,2026-07-28T05:53:11.382250
TXN100249,MERCHANT002,CUSTOMER9971,6535.11,UPI,SUCCESS,,0,2026-08-02T04:23:53.382256
TXN100250,MERCHANT005,CUSTOMER4114,13569.73,UPI,SUCCESS,,0,2026-08-03T05:40:45.382261
TXN100251,MERCHANT005,CUSTOMER3343,14739.91,CARD,SUCCESS,,0,2026-08-08T10:43:35.382266
TXN100252,MERCHANT001,CUSTOMER8252,11396.14,UPI,SUCCESS,,0,2026-08-22T12:08:05.382271
TXN100253,MERCHANT003,CUSTOMER5226,19701.74,CARD,SUCCESS,,0,2026-08-03T09:24:59.382276
TXN100254,MERCHANT003,CUSTOMER8793,23898.81,CARD,SUCCESS,,0,2026-08-04T23:55:40.382281
TXN100255,MERCHANT002,CUSTOMER4087,20524.47,UPI,SUCCESS,,0,2026-08-10T16:42:20.382286
TXN100256,MERCHANT005,CUSTOMER4081,5087.47,NET_BANKING,SUCCESS,,0,2026-07-30T01:13:06.382291
TXN100257,MERCHANT002,CUSTOMER4314,6827.01,NET_BANKING,SUCCESS,,0,2026-08-17T02:32:12.382297
TXN100258,MERCHANT005,CUSTOMER1990,23016.51,UPI,SUCCESS,,0,2026-08-19T02:36:33.382303
TXN100259,MERCHANT003,CUSTOMER9445,3631.55,CARD,SUCCESS,,0,2026-08-02T15:05:59.382308
TXN100260,MERCHANT004,CUSTOMER4029,14125.12,NET_BANKING,SUCCESS,,0,2026-08-16T19:15:36.382313
TXN100261,MERCHANT003,CUSTOMER7042,2602.92,WALLET,SUCCESS,,0,2026-08-12T22:11:01.382318
TXN100262,MERCHANT003,CUSTOMER5567,15045.29,UPI,SUCCESS,,0,2026-08-08T23:58:25.382323
TXN100263,MERCHANT005,CUSTOMER5529,18515.17,WALLET,FAILED,UNKNOWN,1,2026-08-12T17:40:57.382329
TXN100264,MERCHANT004,CUSTOMER4390,22735.93,UPI,SUCCESS,,0,2026-08-03T18:29:59.382335
TXN100265,MERCHANT001,CUSTOMER1930,6312.0,WALLET,SUCCESS,,0,2026-08-24T11:27:16.382340
TXN100266,MERCHANT001,CUSTOMER4380,20358.07,WALLET,SUCCESS,,0,2026-07-25T00:51:02.382345
TXN100267,MERCHANT002,CUSTOMER5512,18137.11,NET_BANKING,SUCCESS,,0,2026-08-11T18:45:27.382350
TXN100268,MERCHANT005,CUSTOMER6586,9868.03,CARD,SUCCESS,,0,2026-08-14T03:21:46.382355
TXN100269,MERCHANT004,CUSTOMER5754,14338.65,CARD,SUCCESS,,0,2026-08-20T05:59:01.382360
TXN100270,MERCHANT001,CUSTOMER4652,22208.48,CARD,SUCCESS,,0,2026-08-04T16:22:39.382365
TXN100271,MERCHANT005,CUSTOMER2379,2576.58,CARD,SUCCESS,,0,2026-08-08T11:36:58.382380
TXN100272,MERCHANT003,CUSTOMER8309,14777.69,CARD,SUCCESS,,0,2026-08-14T13:15:00.382385
TXN100273,MERCHANT002,CUSTOMER5517,24832.07,WALLET,SUCCESS,,0,2026-08-07T06:43:48.382391
TXN100274,MERCHANT004,CUSTOMER1621,3818.67,NET_BANKING,SUCCESS,,0,2026-08-20T12:44:54.382396
TXN100275,MERCHANT002,CUSTOMER5776,14014.33,UPI,SUCCESS,,0,2026-07-27T17:08:04.382401
TXN100276,MERCHANT001,CUSTOMER6031,10947.87,NET_BANKING,SUCCESS,,0,2026-08-11T08:02:15.382406
TXN100277,MERCHANT005,CUSTOMER4122,14103.55,NET_BANKING,SUCCESS,,0,2026-08-05T10:12:23.382412
TXN100278,MERCHANT005,CUSTOMER1219,2942.4,WALLET,SUCCESS,,0,2026-08-09T01:30:01.382417
TXN100279,MERCHANT003,CUSTOMER4477,10266.29,UPI,SUCCESS,,0,2026-08-01T12:14:25.382422
TXN100280,MERCHANT003,CUSTOMER1817,16997.04,WALLET,SUCCESS,,0,2026-08-18T23:29:25.382427
TXN100281,MERCHANT005,CUSTOMER9138,8465.11,WALLET,SUCCESS,,0,2026-08-08T22:46:08.382433
TXN100282,MERCHANT002,CUSTOMER3920,21236.68,CARD,SUCCESS,,0,2026-08-17T03:35:40.382438
TXN100283,MERCHANT003,CUSTOMER9510,13381.34,CARD,FAILED,BANK_DECLINED,0,2026-07-31T14:05:44.382445
TXN100284,MERCHANT003,CUSTOMER9128,5293.03,CARD,FAILED,NETWORK_ERROR,3,2026-08-17T13:00:50.382451
TXN100285,MERCHANT004,CUSTOMER8098,1046.85,WALLET,SUCCESS,,0,2026-08-14T13:15:12.382457
TXN100286,MERCHANT004,CUSTOMER6846,1261.01,WALLET,SUCCESS,,0,2026-08-03T20:09:16.382462
TXN100287,MERCHANT001,CUSTOMER9992,16819.59,NET_BANKING,SUCCESS,,0,2026-08-19T04:47:02.382467
TXN100288,MERCHANT002,CUSTOMER2219,23270.4,CARD,SUCCESS,,0,2026-08-02T07:06:29.382472
TXN100289,MERCHANT003,CUSTOMER7106,22895.58,WALLET,SUCCESS,,0,2026-07-27T16:16:39.382478
TXN100290,MERCHANT003,CUSTOMER7322,22020.88,WALLET,SUCCESS,,0,2026-08-13T02:03:04.382483
TXN100291,MERCHANT005,CUSTOMER8032,15889.81,CARD,SUCCESS,,0,2026-07-29T21:04:58.382488
TXN100292,MERCHANT002,CUSTOMER3392,11980.67,NET_BANKING,FAILED,NETWORK_ERROR,0,2026-08-07T18:05:47.382495
TXN100293,MERCHANT002,CUSTOMER3838,6611.21,WALLET,SUCCESS,,0,2026-07-25T10:13:07.382500
TXN100294,MERCHANT004,CUSTOMER2018,5500.86,WALLET,SUCCESS,,0,2026-08-23T00:04:03.382506
TXN100295,MERCHANT003,CUSTOMER4044,581.37,CARD,SUCCESS,,0,2026-07-27T08:47:55.382511
TXN100296,MERCHANT002,CUSTOMER9480,4012.63,NET_BANKING,SUCCESS,,0,2026-08-05T23:45:20.382516
TXN100297,MERCHANT004,CUSTOMER3286,10972.66,CARD,SUCCESS,,0,2026-08-05T22:47:08.382521
TXN100298,MERCHANT003,CUSTOMER2338,13814.86,WALLET,FAILED,BANK_DECLINED,1,2026-08-09T20:25:43.382528
TXN100299,MERCHANT002,CUSTOMER2375,3449.91,WALLET,SUCCESS,,0,2026-08-10T13:27:12.382533
TXN100300,MERCHANT005,CUSTOMER4953,19198.34,WALLET,FAILED,TIMEOUT,3,2026-08-16T16:16:39.382539
TXN100301,MERCHANT002,CUSTOMER2944,542.14,CARD,FAILED,UNKNOWN,2,2026-08-23T12:50:13.382546
TXN100302,MERCHANT004,CUSTOMER8043,13964.23,WALLET,SUCCESS,,0,2026-07-25T13:29:56.382551
TXN100303,MERCHANT004,CUSTOMER8870,18415.24,CARD,SUCCESS,,0,2026-08-14T13:49:40.382556
TXN100304,MERCHANT003,CUSTOMER2013,15189.21,WALLET,SUCCESS,,0,2026-08-22T19:48:16.382561
TXN100305,MERCHANT002,CUSTOMER5135,5547.01,CARD,SUCCESS,,0,2026-07-26T04:07:51.382567
TXN100306,MERCHANT003,CUSTOMER1698,12926.02,UPI,SUCCESS,,0,2026-07-29T12:36:07.382572
TXN100307,MERCHANT004,CUSTOMER8948,8993.46,CARD,SUCCESS,,0,2026-08-20T14:46:20.382577
TXN100308,MERCHANT005,CUSTOMER5344,14007.92,WALLET,FAILED,BANK_DECLINED,3,2026-07-26T10:01:38.382583
TXN100309,MERCHANT004,CUSTOMER6940,11354.19,NET_BANKING,SUCCESS,,0,2026-07-30T11:06:24.382589
TXN100310,MERCHANT001,CUSTOMER5201,16006.14,NET_BANKING,SUCCESS,,0,2026-08-18T13:17:44.382594
TXN100311,MERCHANT004,CUSTOMER4917,2039.73,WALLET,SUCCESS,,0,2026-08-22T23:37:38.382599
TXN100312,MERCHANT003,CUSTOMER2485,3129.78,WALLET,FAILED,TIMEOUT,0,2026-08-15T18:33:47.382605
TXN100313,MERCHANT003,CUSTOMER6567,22794.32,WALLET,FAILED,BANK_DECLINED,3,2026-08-03T02:36:51.382612
TXN100314,MERCHANT003,CUSTOMER1082,15000.22,CARD,SUCCESS,,0,2026-08-17T23:54:32.382617
TXN100315,MERCHANT003,CUSTOMER3137,14376.12,WALLET,SUCCESS,,0,2026-08-06T00:37:20.382622
TXN100316,MERCHANT001,CUSTOMER2006,13099.41,NET_BANKING,SUCCESS,,0,2026-08-20T23:09:50.382627
TXN100317,MERCHANT004,CUSTOMER3964,17553.84,UPI,SUCCESS,,0,2026-07-25T07:47:12.382633
TXN100318,MERCHANT001,CUSTOMER1001,11400.24,WALLET,FAILED,UNKNOWN,2,2026-08-03T03:44:04.382639
TXN100319,MERCHANT004,CUSTOMER9366,7467.04,CARD,SUCCESS,,0,2026-08-02T01:56:40.382644
TXN100320,MERCHANT003,CUSTOMER7980,3965.21,CARD,SUCCESS,,0,2026-08-17T03:26:58.382649
TXN100321,MERCHANT005,CUSTOMER5050,3561.72,UPI,FAILED,TIMEOUT,3,2026-08-19T13:41:15.382655
TXN100322,MERCHANT001,CUSTOMER1027,18937.8,WALLET,SUCCESS,,0,2026-08-19T10:02:50.382660
TXN100323,MERCHANT004,CUSTOMER6622,13067.52,UPI,FAILED,BANK_DECLINED,0,2026-07-28T19:21:38.382666
TXN100324,MERCHANT001,CUSTOMER3031,23399.23,WALLET,SUCCESS,,0,2026-07-27T06:31:12.382674
TXN100325,MERCHANT004,CUSTOMER4863,12269.79,WALLET,SUCCESS,,0,2026-08-15T13:41:43.382681
TXN100326,MERCHANT001,CUSTOMER5854,12905.86,NET_BANKING,FAILED,TIMEOUT,1,2026-07-30T11:20:33.382688
TXN100327,MERCHANT001,CUSTOMER6177,21318.57,CARD,SUCCESS,,0,2026-08-10T02:58:54.382693
TXN100328,MERCHANT004,CUSTOMER3951,12480.21,CARD,SUCCESS,,0,2026-07-26T11:07:39.382698
TXN100329,MERCHANT004,CUSTOMER6444,1732.01,WALLET,SUCCESS,,0,2026-08-18T17:38:58.382703
TXN100330,MERCHANT003,CUSTOMER8793,13237.26,CARD,SUCCESS,,0,2026-08-21T23:34:20.382708
TXN100331,MERCHANT003,CUSTOMER5445,12370.81,CARD,SUCCESS,,0,2026-08-04T12:38:36.382713
TXN100332,MERCHANT003,CUSTOMER8949,19817.97,CARD,SUCCESS,,0,2026-08-20T04:32:51.382718
TXN100333,MERCHANT001,CUSTOMER3071,23503.88,CARD,SUCCESS,,0,2026-08-16T00:40:18.382724
TXN100334,MERCHANT002,CUSTOMER5459,8821.21,WALLET,SUCCESS,,0,2026-08-17T01:40:40.382728
TXN100335,MERCHANT001,CUSTOMER3834,2565.48,UPI,SUCCESS,,0,2026-07-30T13:45:52.382734
TXN100336,MERCHANT003,CUSTOMER2841,4661.8,NET_BANKING,FAILED,NETWORK_ERROR,2,2026-08-17T12:02:04.382740
TXN100337,MERCHANT001,CUSTOMER6306,11697.33,CARD,SUCCESS,,0,2026-08-03T05:19:34.382746
TXN100338,MERCHANT002,CUSTOMER3103,3027.18,WALLET,SUCCESS,,0,2026-08-16T04:35:31.382751
TXN100339,MERCHANT005,CUSTOMER7981,16005.77,UPI,FAILED,TIMEOUT,0,2026-08-19T09:55:12.382757
TXN100340,MERCHANT003,CUSTOMER1059,15587.17,CARD,SUCCESS,,0,2026-08-12T18:53:23.382762
TXN100341,MERCHANT001,CUSTOMER4285,3712.34,NET_BANKING,SUCCESS,,0,2026-08-01T19:43:07.382767
TXN100342,MERCHANT004,CUSTOMER3706,13806.32,WALLET,SUCCESS,,0,2026-08-20T01:01:28.382772
TXN100343,MERCHANT001,CUSTOMER5617,503.19,UPI,FAILED,BANK_DECLINED,0,2026-07-30T23:22:04.382779
TXN100344,MERCHANT001,CUSTOMER7846,22005.05,CARD,SUCCESS,,0,2026-08-03T06:23:34.382784
TXN100345,MERCHANT002,CUSTOMER7528,19501.77,NET_BANKING,FAILED,TIMEOUT,3,2026-08-05T13:37:11.382790
TXN100346,MERCHANT001,CUSTOMER1954,23816.24,NET_BANKING,SUCCESS,,0,2026-08-06T21:54:28.382796
TXN100347,MERCHANT001,CUSTOMER8957,19479.37,CARD,SUCCESS,,0,2026-08-22T01:09:20.382801
TXN100348,MERCHANT005,CUSTOMER3666,24445.14,UPI,FAILED,BANK_DECLINED,2,2026-08-22T23:21:59.382808
TXN100349,MERCHANT002,CUSTOMER9092,3894.5,UPI,SUCCESS,,0,2026-08-01T05:49:44.382813
TXN100350,MERCHANT005,CUSTOMER9917,19466.45,WALLET,SUCCESS,,0,2026-08-19T18:26:22.382818
TXN100351,MERCHANT002,CUSTOMER4630,12932.24,UPI,SUCCESS,,0,2026-08-10T05:56:06.382823
TXN100352,MERCHANT005,CUSTOMER8351,16068.31,NET_BANKING,SUCCESS,,0,2026-08-16T06:00:23.382828
TXN100353,MERCHANT002,CUSTOMER2506,5751.46,WALLET,SUCCESS,,0,2026-08-18T19:56:54.382834
TXN100354,MERCHANT005,CUSTOMER4111,4269.77,WALLET,SUCCESS,,0,2026-07-25T17:30:50.382839
TXN100355,MERCHANT005,CUSTOMER5225,2059.64,WALLET,SUCCESS,,0,2026-07-29T00:39:42.382844
TXN100356,MERCHANT005,CUSTOMER2798,12046.17,CARD,SUCCESS,,0,2026-08-01T23:52:40.382849
TXN100357,MERCHANT004,CUSTOMER4206,24301.48,CARD,FAILED,NETWORK_ERROR,3,2026-08-21T19:39:44.382856
TXN100358,MERCHANT003,CUSTOMER6435,19239.93,NET_BANKING,SUCCESS,,0,2026-08-16T01:12:28.382861
TXN100359,MERCHANT003,CUSTOMER9679,6308.26,WALLET,SUCCESS,,0,2026-08-05T03:40:23.382866
TXN100360,MERCHANT001,CUSTOMER4778,9059.35,WALLET,SUCCESS,,0,2026-08-18T16:18:40.382871
TXN100361,MERCHANT002,CUSTOMER5153,24461.61,NET_BANKING,SUCCESS,,0,2026-07-29T22:31:44.382897
TXN100362,MERCHANT001,CUSTOMER1365,12364.95,WALLET,SUCCESS,,0,2026-08-23T12:09:34.382903
TXN100363,MERCHANT002,CUSTOMER7092,2034.53,CARD,SUCCESS,,0,2026-08-22T20:38:48.382908
TXN100364,MERCHANT003,CUSTOMER2237,15671.76,WALLET,SUCCESS,,0,2026-08-19T04:02:42.382913
TXN100365,MERCHANT004,CUSTOMER5733,20287.6,CARD,SUCCESS,,0,2026-08-22T22:58:18.382918
TXN100366,MERCHANT002,CUSTOMER7816,11851.27,UPI,SUCCESS,,0,2026-07-28T02:21:23.382923
TXN100367,MERCHANT001,CUSTOMER3265,17162.31,NET_BANKING,SUCCESS,,0,2026-08-08T14:13:29.382928
TXN100368,MERCHANT003,CUSTOMER2360,10670.88,WALLET,SUCCESS,,0,2026-08-18T18:07:13.382934
TXN100369,MERCHANT003,CUSTOMER7493,6680.66,WALLET,SUCCESS,,0,2026-08-23T18:01:46.382939
TXN100370,MERCHANT002,CUSTOMER8908,13516.79,NET_BANKING,SUCCESS,,0,2026-08-18T18:58:14.382944
TXN100371,MERCHANT001,CUSTOMER8921,12112.8,NET_BANKING,SUCCESS,,0,2026-08-04T04:57:27.382949
TXN100372,MERCHANT001,CUSTOMER3798,3726.68,NET_BANKING,FAILED,BANK_DECLINED,2,2026-07-29T11:01:31.382955
TXN100373,MERCHANT005,CUSTOMER4085,9640.64,WALLET,SUCCESS,,0,2026-08-21T08:25:29.382961
TXN100374,MERCHANT001,CUSTOMER6770,23079.38,NET_BANKING,SUCCESS,,0,2026-08-21T07:47:31.382966
TXN100375,MERCHANT003,CUSTOMER1698,4306.17,WALLET,SUCCESS,,0,2026-08-06T02:47:15.382971
TXN100376,MERCHANT001,CUSTOMER7876,9311.45,UPI,SUCCESS,,0,2026-08-09T19:22:58.382976
TXN100377,MERCHANT004,CUSTOMER8749,5022.99,WALLET,SUCCESS,,0,2026-08-13T01:17:00.382981
TXN100378,MERCHANT005,CUSTOMER4961,5847.67,WALLET,SUCCESS,,0,2026-08-14T17:36:40.382986
TXN100379,MERCHANT003,CUSTOMER9122,16924.39,NET_BANKING,SUCCESS,,0,2026-07-28T15:27:59.382991
TXN100380,MERCHANT002,CUSTOMER6785,20389.97,WALLET,FAILED,NETWORK_ERROR,1,2026-08-19T14:03:04.382997
TXN100381,MERCHANT002,CUSTOMER3996,767.21,UPI,SUCCESS,,0,2026-08-05T13:07:35.383003
TXN100382,MERCHANT003,CUSTOMER3371,2202.12,CARD,FAILED,UNKNOWN,1,2026-08-18T06:43:46.383009
TXN100383,MERCHANT001,CUSTOMER7283,19756.87,CARD,FAILED,UNKNOWN,3,2026-08-14T02:15:16.383015
TXN100384,MERCHANT003,CUSTOMER7604,4240.4,UPI,SUCCESS,,0,2026-07-31T03:35:26.383021
TXN100385,MERCHANT005,CUSTOMER6427,23323.81,UPI,SUCCESS,,0,2026-08-02T09:19:23.383026
TXN100386,MERCHANT004,CUSTOMER7145,12227.65,NET_BANKING,SUCCESS,,0,2026-08-18T00:25:35.383031
TXN100387,MERCHANT004,CUSTOMER3712,3879.7,NET_BANKING,SUCCESS,,0,2026-07-28T05:46:55.383036
TXN100388,MERCHANT001,CUSTOMER3018,19939.17,NET_BANKING,SUCCESS,,0,2026-08-10T11:05:12.383042
TXN100389,MERCHANT004,CUSTOMER2502,20084.75,UPI,FAILED,NETWORK_ERROR,0,2026-08-18T03:02:56.383048
TXN100390,MERCHANT005,CUSTOMER8876,515.95,WALLET,SUCCESS,,0,2026-08-01T08:15:36.383053
TXN100391,MERCHANT001,CUSTOMER5349,21620.2,UPI,SUCCESS,,0,2026-08-19T22:29:45.383058
TXN100392,MERCHANT001,CUSTOMER6641,5099.52,NET_BANKING,FAILED,NETWORK_ERROR,3,2026-08-20T01:15:26.383064
TXN100393,MERCHANT003,CUSTOMER9790,1256.48,UPI,SUCCESS,,0,2026-07-27T05:42:43.383070
TXN100394,MERCHANT005,CUSTOMER5760,19571.36,CARD,SUCCESS,,0,2026-08-23T17:45:03.383075
TXN100395,MERCHANT001,CUSTOMER9440,6325.21,UPI,FAILED,INSUFFICIENT_FUNDS,2,2026-08-14T15:07:31.383081
TXN100396,MERCHANT001,CUSTOMER2573,15168.76,CARD,SUCCESS,,0,2026-08-23T02:08:21.383086
TXN100397,MERCHANT001,CUSTOMER8934,10635.55,UPI,SUCCESS,,0,2026-08-05T21:37:50.383092
TXN100398,MERCHANT005,CUSTOMER5393,17939.52,WALLET,FAILED,BANK_DECLINED,3,2026-07-31T17:29:03.383097
TXN100399,MERCHANT001,CUSTOMER6193,8719.51,WALLET,SUCCESS,,0,2026-08-12T19:48:24.383103
TXN100400,MERCHANT004,CUSTOMER8102,10299.13,UPI,FAILED,INSUFFICIENT_FUNDS,2,2026-08-19T05:42:21.383109
TXN100401,MERCHANT005,CUSTOMER2840,3652.42,CARD,SUCCESS,,0,2026-08-09T10:37:54.383114
TXN100402,MERCHANT001,CUSTOMER4786,13726.34,WALLET,SUCCESS,,0,2026-07-31T22:15:07.383119
TXN100403,MERCHANT001,CUSTOMER7364,14437.61,UPI,SUCCESS,,0,2026-08-23T23:17:34.383125
TXN100404,MERCHANT004,CUSTOMER7049,3972.78,NET_BANKING,SUCCESS,,0,2026-07-29T10:42:48.383130
TXN100405,MERCHANT001,CUSTOMER5067,7814.98,UPI,SUCCESS,,0,2026-07-27T12:19:22.383135
TXN100406,MERCHANT002,CUSTOMER8459,16716.8,CARD,SUCCESS,,0,2026-08-07T11:25:46.383140
TXN100407,MERCHANT003,CUSTOMER4802,15471.19,NET_BANKING,SUCCESS,,0,2026-07-27T22:05:11.383145
TXN100408,MERCHANT002,CUSTOMER1769,2393.87,UPI,SUCCESS,,0,2026-07-25T19:27:50.383150
TXN100409,MERCHANT004,CUSTOMER1198,20018.75,WALLET,FAILED,TIMEOUT,3,2026-08-14T01:46:18.383156
TXN100410,MERCHANT005,CUSTOMER7847,17864.31,UPI,SUCCESS,,0,2026-08-09T04:43:52.383161
TXN100411,MERCHANT002,CUSTOMER1525,22008.92,UPI,SUCCESS,,0,2026-08-08T22:32:45.383167
TXN100412,MERCHANT004,CUSTOMER3027,4878.65,WALLET,SUCCESS,,0,2026-08-05T22:23:43.383172
TXN100413,MERCHANT001,CUSTOMER3169,16967.55,UPI,SUCCESS,,0,2026-08-08T09:02:05.383177
TXN100414,MERCHANT001,CUSTOMER8752,15755.08,CARD,FAILED,TIMEOUT,0,2026-08-14T11:07:48.383183
TXN100415,MERCHANT002,CUSTOMER9948,19724.82,NET_BANKING,SUCCESS,,0,2026-08-22T03:19:26.383188
TXN100416,MERCHANT005,CUSTOMER1670,7674.04,CARD,SUCCESS,,0,2026-08-03T10:14:35.383194
TXN100417,MERCHANT002,CUSTOMER6776,6271.17,UPI,FAILED,INSUFFICIENT_FUNDS,0,2026-07-31T14:23:34.383200
TXN100418,MERCHANT004,CUSTOMER6963,21564.54,NET_BANKING,FAILED,INSUFFICIENT_FUNDS,3,2026-08-10T01:25:08.383206
TXN100419,MERCHANT004,CUSTOMER6352,5603.65,CARD,SUCCESS,,0,2026-08-12T16:47:24.383212
TXN100420,MERCHANT005,CUSTOMER6116,10309.63,CARD,SUCCESS,,0,2026-08-10T04:55:29.383217
TXN100421,MERCHANT004,CUSTOMER2406,19712.38,CARD,SUCCESS,,0,2026-08-15T20:09:25.383222
TXN100422,MERCHANT001,CUSTOMER6760,6366.73,CARD,SUCCESS,,0,2026-08-14T03:06:23.383227
TXN100423,MERCHANT005,CUSTOMER3886,13625.17,NET_BANKING,FAILED,TIMEOUT,1,2026-08-09T21:06:50.383233
TXN100424,MERCHANT002,CUSTOMER7395,8846.45,UPI,SUCCESS,,0,2026-07-31T04:04:31.383238
TXN100425,MERCHANT001,CUSTOMER3168,15525.51,NET_BANKING,FAILED,UNKNOWN,3,2026-08-11T15:43:53.383246
TXN100426,MERCHANT005,CUSTOMER2068,8727.38,WALLET,FAILED,TIMEOUT,2,2026-08-01T08:00:30.383252
TXN100427,MERCHANT001,CUSTOMER5367,499.06,UPI,FAILED,NETWORK_ERROR,0,2026-08-14T20:44:54.383259
TXN100428,MERCHANT004,CUSTOMER1333,1907.57,WALLET,SUCCESS,,0,2026-08-16T00:31:23.383265
TXN100429,MERCHANT003,CUSTOMER7378,24484.47,WALLET,SUCCESS,,0,2026-08-13T12:34:30.383270
TXN100430,MERCHANT002,CUSTOMER1944,8978.88,CARD,SUCCESS,,0,2026-08-10T03:30:11.383275
TXN100431,MERCHANT002,CUSTOMER5960,5898.9,WALLET,SUCCESS,,0,2026-08-08T11:12:53.383280
TXN100432,MERCHANT005,CUSTOMER4686,12714.99,UPI,SUCCESS,,0,2026-08-04T18:34:20.383285
TXN100433,MERCHANT001,CUSTOMER5885,11330.64,NET_BANKING,FAILED,UNKNOWN,0,2026-08-18T19:12:16.383292
TXN100434,MERCHANT005,CUSTOMER6649,20808.27,NET_BANKING,SUCCESS,,0,2026-08-23T18:48:45.383297
TXN100435,MERCHANT005,CUSTOMER7073,10170.52,NET_BANKING,SUCCESS,,0,2026-08-16T13:35:43.383302
TXN100436,MERCHANT005,CUSTOMER1593,20807.64,CARD,SUCCESS,,0,2026-08-09T21:07:43.383308
TXN100437,MERCHANT003,CUSTOMER8315,8875.22,CARD,SUCCESS,,0,2026-08-22T13:49:00.383313
TXN100438,MERCHANT002,CUSTOMER2899,24626.99,CARD,SUCCESS,,0,2026-08-19T23:58:52.383318
TXN100439,MERCHANT001,CUSTOMER9363,653.79,NET_BANKING,SUCCESS,,0,2026-08-09T03:04:36.383323
TXN100440,MERCHANT003,CUSTOMER4257,11458.3,UPI,FAILED,UNKNOWN,3,2026-07-26T13:59:38.383329
TXN100441,MERCHANT005,CUSTOMER6140,888.36,UPI,SUCCESS,,0,2026-07-30T22:34:38.383335
TXN100442,MERCHANT004,CUSTOMER2165,1699.98,NET_BANKING,FAILED,NETWORK_ERROR,2,2026-08-06T02:32:51.383341
TXN100443,MERCHANT005,CUSTOMER3574,19110.22,WALLET,FAILED,BANK_DECLINED,2,2026-07-27T23:57:02.383348
TXN100444,MERCHANT004,CUSTOMER1895,583.43,NET_BANKING,SUCCESS,,0,2026-08-14T14:56:27.383353
TXN100445,MERCHANT002,CUSTOMER1945,6334.29,UPI,SUCCESS,,0,2026-08-06T16:53:43.383358
TXN100446,MERCHANT001,CUSTOMER1027,21894.45,WALLET,SUCCESS,,0,2026-08-18T04:52:22.383363
TXN100447,MERCHANT002,CUSTOMER9454,5046.34,UPI,SUCCESS,,0,2026-08-22T16:23:47.383368
TXN100448,MERCHANT005,CUSTOMER5348,578.77,NET_BANKING,SUCCESS,,0,2026-08-23T18:27:56.383373
TXN100449,MERCHANT004,CUSTOMER1254,12118.67,NET_BANKING,SUCCESS,,0,2026-07-28T04:15:26.383378
TXN100450,MERCHANT005,CUSTOMER3055,13289.17,UPI,FAILED,BANK_DECLINED,0,2026-07-27T14:55:29.383385
TXN100451,MERCHANT002,CUSTOMER8267,3009.51,WALLET,SUCCESS,,0,2026-07-28T08:44:31.383399
TXN100452,MERCHANT005,CUSTOMER3355,20591.3,CARD,SUCCESS,,0,2026-08-02T14:46:10.383404
TXN100453,MERCHANT003,CUSTOMER2841,5142.33,CARD,SUCCESS,,0,2026-07-30T09:05:21.383410
TXN100454,MERCHANT004,CUSTOMER6955,11273.39,NET_BANKING,SUCCESS,,0,2026-08-17T18:05:11.383415
TXN100455,MERCHANT005,CUSTOMER3365,18296.0,WALLET,SUCCESS,,0,2026-07-26T09:46:33.383421
TXN100456,MERCHANT004,CUSTOMER8927,21054.82,NET_BANKING,FAILED,TIMEOUT,3,2026-08-24T15:38:02.383427
TXN100457,MERCHANT004,CUSTOMER2210,970.14,CARD,SUCCESS,,0,2026-08-14T23:25:22.383432
TXN100458,MERCHANT005,CUSTOMER8893,856.98,WALLET,FAILED,TIMEOUT,2,2026-08-21T06:58:39.383438
TXN100459,MERCHANT004,CUSTOMER2114,21190.8,UPI,SUCCESS,,0,2026-07-27T01:09:05.383444
TXN100460,MERCHANT003,CUSTOMER8626,13928.48,NET_BANKING,SUCCESS,,0,2026-08-20T15:09:05.383455
TXN100461,MERCHANT004,CUSTOMER2269,17181.17,UPI,SUCCESS,,0,2026-08-23T04:53:04.383461
TXN100462,MERCHANT002,CUSTOMER3460,9142.99,CARD,SUCCESS,,0,2026-08-19T23:55:54.383467
TXN100463,MERCHANT001,CUSTOMER7706,11693.85,WALLET,SUCCESS,,0,2026-07-27T15:22:05.383472
TXN100464,MERCHANT002,CUSTOMER9055,4607.51,WALLET,SUCCESS,,0,2026-08-15T00:41:52.383477
TXN100465,MERCHANT004,CUSTOMER4337,19748.94,NET_BANKING,SUCCESS,,0,2026-08-11T01:42:56.383482
TXN100466,MERCHANT001,CUSTOMER5901,4869.8,NET_BANKING,SUCCESS,,0,2026-08-05T05:25:45.383487
TXN100467,MERCHANT005,CUSTOMER3824,7049.36,UPI,SUCCESS,,0,2026-08-21T21:01:28.383492
TXN100468,MERCHANT003,CUSTOMER1972,2812.63,CARD,SUCCESS,,0,2026-08-10T14:12:41.383497
TXN100469,MERCHANT004,CUSTOMER9483,9688.25,WALLET,SUCCESS,,0,2026-08-20T09:02:37.383502
TXN100470,MERCHANT001,CUSTOMER9021,14627.42,CARD,FAILED,BANK_DECLINED,0,2026-08-06T16:46:18.383509
TXN100471,MERCHANT002,CUSTOMER5980,14039.26,WALLET,SUCCESS,,0,2026-08-16T01:39:57.383514
TXN100472,MERCHANT003,CUSTOMER3892,14749.17,NET_BANKING,SUCCESS,,0,2026-08-14T00:17:40.383519
TXN100473,MERCHANT004,CUSTOMER3739,7330.92,UPI,SUCCESS,,0,2026-08-20T00:17:38.383525
TXN100474,MERCHANT002,CUSTOMER9760,3987.65,CARD,SUCCESS,,0,2026-08-14T20:14:36.383530
TXN100475,MERCHANT005,CUSTOMER9212,1552.73,UPI,SUCCESS,,0,2026-08-15T21:42:09.383535
TXN100476,MERCHANT001,CUSTOMER6377,6894.04,UPI,SUCCESS,,0,2026-08-20T22:45:37.383540
TXN100477,MERCHANT002,CUSTOMER7478,21689.77,UPI,SUCCESS,,0,2026-08-23T16:54:22.383545
TXN100478,MERCHANT003,CUSTOMER8194,19859.28,CARD,SUCCESS,,0,2026-08-10T14:18:44.383550
TXN100479,MERCHANT003,CUSTOMER4776,3419.18,NET_BANKING,FAILED,INSUFFICIENT_FUNDS,1,2026-08-07T07:28:50.383556
TXN100480,MERCHANT004,CUSTOMER9562,2813.55,CARD,SUCCESS,,0,2026-08-12T18:06:22.383561
TXN100481,MERCHANT005,CUSTOMER5080,10758.25,NET_BANKING,SUCCESS,,0,2026-08-16T08:21:27.383566
TXN100482,MERCHANT002,CUSTOMER4630,5692.45,UPI,SUCCESS,,0,2026-08-20T10:00:19.383571
TXN100483,MERCHANT005,CUSTOMER3324,13167.27,WALLET,SUCCESS,,0,2026-08-04T02:31:19.383577
TXN100484,MERCHANT002,CUSTOMER5945,1136.89,CARD,SUCCESS,,0,2026-08-11T05:30:04.383582
TXN100485,MERCHANT001,CUSTOMER3633,8917.99,UPI,SUCCESS,,0,2026-08-22T23:13:50.383587
TXN100486,MERCHANT003,CUSTOMER7699,21895.55,NET_BANKING,SUCCESS,,0,2026-07-28T04:46:59.383592
TXN100487,MERCHANT005,CUSTOMER9831,7055.19,CARD,SUCCESS,,0,2026-08-09T22:41:50.383597
TXN100488,MERCHANT003,CUSTOMER8387,12153.92,UPI,SUCCESS,,0,2026-08-09T23:39:31.383602
TXN100489,MERCHANT003,CUSTOMER7793,6205.49,CARD,SUCCESS,,0,2026-08-04T14:42:46.383607
TXN100490,MERCHANT005,CUSTOMER8671,10809.53,UPI,SUCCESS,,0,2026-08-21T14:04:53.383612
TXN100491,MERCHANT003,CUSTOMER4618,15907.86,NET_BANKING,SUCCESS,,0,2026-08-18T00:26:18.383617
TXN100492,MERCHANT003,CUSTOMER9300,7845.83,CARD,SUCCESS,,0,2026-08-09T15:51:22.383623
TXN100493,MERCHANT005,CUSTOMER8545,10233.61,NET_BANKING,FAILED,INSUFFICIENT_FUNDS,0,2026-07-29T19:56:52.383629
TXN100494,MERCHANT001,CUSTOMER5411,19575.51,CARD,SUCCESS,,0,2026-08-13T17:31:56.383634
TXN100495,MERCHANT001,CUSTOMER8835,2178.01,UPI,FAILED,INSUFFICIENT_FUNDS,0,2026-08-17T22:33:47.383640
TXN100496,MERCHANT005,CUSTOMER5785,20199.43,CARD,SUCCESS,,0,2026-08-11T01:49:50.383646
TXN100497,MERCHANT003,CUSTOMER2010,21961.55,NET_BANKING,SUCCESS,,0,2026-08-17T04:33:43.383651
TXN100498,MERCHANT005,CUSTOMER3158,2775.76,WALLET,SUCCESS,,0,2026-08-02T05:44:02.383656
TXN100499,MERCHANT001,CUSTOMER6920,9412.18,UPI,SUCCESS,,0,2026-08-20T02:59:40.383661
TXN100500,MERCHANT005,CUSTOMER6235,1984.03,CARD,SUCCESS,,0,2026-08-15T21:10:24.383666
TXN100501,MERCHANT002,CUSTOMER3720,11182.9,NET_BANKING,SUCCESS,,0,2026-07-30T15:07:43.383672
TXN100502,MERCHANT004,CUSTOMER3389,12095.77,WALLET,SUCCESS,,0,2026-08-03T19:29:03.383681
TXN100503,MERCHANT005,CUSTOMER8839,24167.46,NET_BANKING,SUCCESS,,0,2026-08-14T19:47:45.383688
TXN100504,MERCHANT004,CUSTOMER8659,8533.29,NET_BANKING,SUCCESS,,0,2026-07-26T17:07:01.383697
TXN100505,MERCHANT003,CUSTOMER4137,18820.47,UPI,SUCCESS,,0,2026-08-17T15:03:13.383890
TXN100506,MERCHANT005,CUSTOMER5852,15215.92,NET_BANKING,SUCCESS,,0,2026-08-13T05:14:58.383918
TXN100507,MERCHANT002,CUSTOMER6252,4822.97,WALLET,SUCCESS,,0,2026-07-28T11:50:54.383929
TXN100508,MERCHANT001,CUSTOMER8017,6198.66,CARD,SUCCESS,,0,2026-08-22T12:08:06.383938
TXN100509,MERCHANT001,CUSTOMER3327,24404.58,CARD,SUCCESS,,0,2026-07-28T05:21:58.383946
TXN100510,MERCHANT005,CUSTOMER1745,6578.08,WALLET,SUCCESS,,0,2026-08-20T03:43:44.383954
TXN100511,MERCHANT003,CUSTOMER4937,11455.56,WALLET,SUCCESS,,0,2026-08-15T20:05:17.383961
TXN100512,MERCHANT001,CUSTOMER2755,14010.78,UPI,SUCCESS,,0,2026-08-11T20:00:04.383969
TXN100513,MERCHANT001,CUSTOMER3029,6444.91,UPI,SUCCESS,,0,2026-08-23T20:57:39.383977
TXN100514,MERCHANT003,CUSTOMER3930,5186.05,UPI,SUCCESS,,0,2026-08-01T02:32:44.383985
TXN100515,MERCHANT002,CUSTOMER5285,20131.2,WALLET,SUCCESS,,0,2026-07-30T21:49:15.383990
TXN100516,MERCHANT005,CUSTOMER4799,19500.46,WALLET,SUCCESS,,0,2026-08-22T17:44:36.383997
TXN100517,MERCHANT003,CUSTOMER3829,15980.36,CARD,SUCCESS,,0,2026-08-10T11:05:07.384002
TXN100518,MERCHANT001,CUSTOMER5731,5490.42,UPI,SUCCESS,,0,2026-08-22T20:13:51.384008
TXN100519,MERCHANT001,CUSTOMER7677,3923.37,NET_BANKING,FAILED,TIMEOUT,3,2026-08-12T15:50:34.384018
TXN100520,MERCHANT002,CUSTOMER1494,16641.5,CARD,SUCCESS,,0,2026-08-01T01:09:34.384024
TXN100521,MERCHANT001,CUSTOMER3102,6930.13,CARD,SUCCESS,,0,2026-08-14T20:17:25.384029
TXN100522,MERCHANT004,CUSTOMER6200,953.72,UPI,SUCCESS,,0,2026-08-14T12:32:34.384035
TXN100523,MERCHANT005,CUSTOMER5402,21577.0,NET_BANKING,SUCCESS,,0,2026-08-02T21:32:34.384040
TXN100524,MERCHANT001,CUSTOMER8887,23815.57,CARD,SUCCESS,,0,2026-07-26T19:14:13.384046
TXN100525,MERCHANT003,CUSTOMER2617,3643.35,CARD,FAILED,INSUFFICIENT_FUNDS,1,2026-07-29T18:21:16.384053
TXN100526,MERCHANT001,CUSTOMER3698,14218.34,NET_BANKING,FAILED,TIMEOUT,1,2026-08-10T01:42:17.384060
TXN100527,MERCHANT003,CUSTOMER4991,6651.72,CARD,SUCCESS,,0,2026-07-27T00:29:53.384065
TXN100528,MERCHANT001,CUSTOMER1456,15097.23,WALLET,SUCCESS,,0,2026-08-20T22:44:55.384071
TXN100529,MERCHANT002,CUSTOMER8783,14595.64,NET_BANKING,FAILED,TIMEOUT,3,2026-08-10T03:28:17.384077
TXN100530,MERCHANT003,CUSTOMER8817,10734.51,UPI,SUCCESS,,0,2026-08-11T16:22:45.384083
TXN100531,MERCHANT001,CUSTOMER2212,214.15,CARD,SUCCESS,,0,2026-08-17T17:05:26.384088
TXN100532,MERCHANT003,CUSTOMER6754,16776.6,NET_BANKING,SUCCESS,,0,2026-08-15T05:56:40.384094
TXN100533,MERCHANT003,CUSTOMER4501,21008.63,WALLET,SUCCESS,,0,2026-08-24T17:35:43.384099
TXN100534,MERCHANT004,CUSTOMER4750,2492.67,NET_BANKING,FAILED,INSUFFICIENT_FUNDS,2,2026-08-03T20:24:21.384105
TXN100535,MERCHANT001,CUSTOMER5809,2106.55,CARD,SUCCESS,,0,2026-08-04T10:30:39.384111
TXN100536,MERCHANT005,CUSTOMER9538,22969.38,NET_BANKING,FAILED,INSUFFICIENT_FUNDS,2,2026-07-31T08:49:27.384117
TXN100537,MERCHANT005,CUSTOMER6336,23869.14,NET_BANKING,SUCCESS,,0,2026-08-06T06:34:56.384123
TXN100538,MERCHANT003,CUSTOMER6732,6780.4,CARD,SUCCESS,,0,2026-07-26T09:33:14.384128
TXN100539,MERCHANT002,CUSTOMER7255,15892.87,CARD,SUCCESS,,0,2026-08-16T10:20:13.384134
TXN100540,MERCHANT005,CUSTOMER4674,23377.24,CARD,SUCCESS,,0,2026-08-04T19:24:10.384139
TXN100541,MERCHANT001,CUSTOMER5233,1311.41,CARD,SUCCESS,,0,2026-07-29T08:25:51.384144
TXN100542,MERCHANT003,CUSTOMER5755,24059.42,CARD,SUCCESS,,0,2026-07-31T19:53:37.384203
TXN100543,MERCHANT001,CUSTOMER7124,20879.48,NET_BANKING,SUCCESS,,0,2026-08-23T01:12:12.384209
TXN100544,MERCHANT003,CUSTOMER3140,3966.83,WALLET,SUCCESS,,0,2026-08-07T16:09:00.384214
TXN100545,MERCHANT005,CUSTOMER9842,18238.02,NET_BANKING,SUCCESS,,0,2026-08-05T04:17:27.384220
TXN100546,MERCHANT003,CUSTOMER2563,7114.82,NET_BANKING,SUCCESS,,0,2026-08-14T08:03:20.384225
TXN100547,MERCHANT002,CUSTOMER4008,10595.57,WALLET,SUCCESS,,0,2026-08-23T11:35:25.384231
TXN100548,MERCHANT003,CUSTOMER7110,7701.51,WALLET,SUCCESS,,0,2026-08-14T11:44:39.384236
TXN100549,MERCHANT002,CUSTOMER3415,19893.27,NET_BANKING,SUCCESS,,0,2026-08-07T06:34:17.384241
TXN100550,MERCHANT005,CUSTOMER4969,24727.17,CARD,SUCCESS,,0,2026-07-31T00:43:04.384246
TXN100551,MERCHANT005,CUSTOMER4918,15588.03,WALLET,SUCCESS,,0,2026-08-06T11:24:57.384251
TXN100552,MERCHANT005,CUSTOMER8108,17435.29,WALLET,SUCCESS,,0,2026-07-25T20:05:25.384257
TXN100553,MERCHANT001,CUSTOMER4823,18886.9,NET_BANKING,FAILED,UNKNOWN,3,2026-08-18T08:14:30.384264
TXN100554,MERCHANT002,CUSTOMER6535,21826.91,NET_BANKING,FAILED,TIMEOUT,3,2026-08-16T08:34:54.384270
TXN100555,MERCHANT001,CUSTOMER2993,12634.77,UPI,SUCCESS,,0,2026-08-10T15:00:44.384276
TXN100556,MERCHANT004,CUSTOMER9950,3932.5,UPI,SUCCESS,,0,2026-08-09T03:45:02.384281
TXN100557,MERCHANT003,CUSTOMER3003,8785.41,WALLET,SUCCESS,,0,2026-07-25T22:37:49.384287
TXN100558,MERCHANT002,CUSTOMER9428,20791.29,UPI,SUCCESS,,0,2026-08-19T01:40:14.384292
TXN100559,MERCHANT002,CUSTOMER1243,662.37,NET_BANKING,SUCCESS,,0,2026-08-10T13:55:38.384298
TXN100560,MERCHANT001,CUSTOMER2170,24935.19,UPI,SUCCESS,,0,2026-07-29T01:31:45.384303
TXN100561,MERCHANT003,CUSTOMER3847,424.35,WALLET,FAILED,INSUFFICIENT_FUNDS,3,2026-08-03T07:35:38.384309
TXN100562,MERCHANT003,CUSTOMER2756,24968.21,NET_BANKING,SUCCESS,,0,2026-08-16T00:16:43.384314
TXN100563,MERCHANT001,CUSTOMER2296,15926.26,NET_BANKING,SUCCESS,,0,2026-07-27T21:41:43.384320
TXN100564,MERCHANT002,CUSTOMER9600,20277.52,NET_BANKING,FAILED,UNKNOWN,3,2026-08-14T13:52:41.384326
TXN100565,MERCHANT003,CUSTOMER1339,8769.09,UPI,SUCCESS,,0,2026-08-08T22:02:54.384331
TXN100566,MERCHANT002,CUSTOMER4254,8610.87,UPI,FAILED,BANK_DECLINED,2,2026-07-25T16:34:41.384338
TXN100567,MERCHANT003,CUSTOMER6119,2744.94,WALLET,SUCCESS,,0,2026-07-30T19:28:35.384343
TXN100568,MERCHANT002,CUSTOMER3299,16822.82,UPI,SUCCESS,,0,2026-08-14T10:26:09.384348
TXN100569,MERCHANT004,CUSTOMER1777,20249.07,WALLET,SUCCESS,,0,2026-08-23T19:35:54.384353
TXN100570,MERCHANT001,CUSTOMER6252,1681.01,CARD,SUCCESS,,0,2026-08-13T04:45:58.384359
TXN100571,MERCHANT005,CUSTOMER7372,15622.52,UPI,SUCCESS,,0,2026-08-02T21:14:30.384364
TXN100572,MERCHANT002,CUSTOMER6497,16398.48,UPI,SUCCESS,,0,2026-08-10T09:40:33.384369
TXN100573,MERCHANT003,CUSTOMER8119,6625.68,WALLET,FAILED,TIMEOUT,1,2026-08-24T11:42:27.384375
TXN100574,MERCHANT005,CUSTOMER6702,1387.07,NET_BANKING,SUCCESS,,0,2026-08-03T02:20:31.384381
TXN100575,MERCHANT005,CUSTOMER9443,15700.27,CARD,FAILED,NETWORK_ERROR,0,2026-08-17T06:35:46.384387
TXN100576,MERCHANT005,CUSTOMER3436,18182.44,NET_BANKING,SUCCESS,,0,2026-08-17T16:42:27.384393
TXN100577,MERCHANT002,CUSTOMER3381,24049.33,NET_BANKING,FAILED,BANK_DECLINED,3,2026-08-17T05:48:35.384399
TXN100578,MERCHANT001,CUSTOMER1002,24126.33,CARD,SUCCESS,,0,2026-08-06T12:11:39.384405
TXN100579,MERCHANT005,CUSTOMER6159,1995.61,CARD,SUCCESS,,0,2026-07-30T17:31:48.384410
TXN100580,MERCHANT002,CUSTOMER9359,4685.29,CARD,SUCCESS,,0,2026-08-20T04:51:51.384415
TXN100581,MERCHANT001,CUSTOMER7113,10867.71,CARD,SUCCESS,,0,2026-08-01T22:00:22.384420
TXN100582,MERCHANT003,CUSTOMER7875,8841.21,NET_BANKING,SUCCESS,,0,2026-08-01T03:22:00.384426
TXN100583,MERCHANT001,CUSTOMER8647,17219.73,UPI,SUCCESS,,0,2026-07-28T19:25:39.384431
TXN100584,MERCHANT003,CUSTOMER9921,12495.35,CARD,SUCCESS,,0,2026-07-27T21:40:50.384436
TXN100585,MERCHANT003,CUSTOMER8541,12662.62,CARD,FAILED,INSUFFICIENT_FUNDS,1,2026-08-10T04:31:02.384443
TXN100586,MERCHANT002,CUSTOMER7189,21845.18,NET_BANKING,SUCCESS,,0,2026-07-25T02:36:40.384448
TXN100587,MERCHANT002,CUSTOMER3584,8113.32,CARD,SUCCESS,,0,2026-08-03T16:20:02.384453
TXN100588,MERCHANT004,CUSTOMER8616,16003.42,NET_BANKING,SUCCESS,,0,2026-08-10T22:46:21.384458
TXN100589,MERCHANT003,CUSTOMER9681,7532.95,WALLET,SUCCESS,,0,2026-08-07T10:09:44.384464
TXN100590,MERCHANT001,CUSTOMER9023,13773.92,NET_BANKING,SUCCESS,,0,2026-07-30T21:01:13.384469
TXN100591,MERCHANT004,CUSTOMER6736,15572.07,NET_BANKING,SUCCESS,,0,2026-07-26T10:58:02.384474
TXN100592,MERCHANT002,CUSTOMER2579,1709.56,UPI,SUCCESS,,0,2026-08-10T08:00:39.384479
TXN100593,MERCHANT003,CUSTOMER1429,14679.75,UPI,SUCCESS,,0,2026-07-29T18:32:12.384484
TXN100594,MERCHANT002,CUSTOMER6700,9487.32,WALLET,SUCCESS,,0,2026-08-15T13:48:01.384489
TXN100595,MERCHANT001,CUSTOMER3809,20380.45,NET_BANKING,SUCCESS,,0,2026-07-31T04:09:16.384494
TXN100596,MERCHANT001,CUSTOMER7120,1913.42,UPI,SUCCESS,,0,2026-08-02T08:20:34.384500
TXN100597,MERCHANT004,CUSTOMER4409,21030.59,CARD,SUCCESS,,0,2026-08-22T07:21:34.384505
TXN100598,MERCHANT005,CUSTOMER8033,21915.25,UPI,SUCCESS,,0,2026-08-23T21:32:40.384510
TXN100599,MERCHANT004,CUSTOMER2991,968.44,WALLET,SUCCESS,,0,2026-08-19T03:15:08.384515
TXN100600,MERCHANT004,CUSTOMER1644,270.55,CARD,FAILED,TIMEOUT,2,2026-07-28T16:49:22.384521
TXN100601,MERCHANT001,CUSTOMER4066,9196.57,CARD,SUCCESS,,0,2026-07-26T04:50:03.384527
TXN100602,MERCHANT005,CUSTOMER2463,4897.12,NET_BANKING,FAILED,INSUFFICIENT_FUNDS,0,2026-08-10T15:01:33.384533
TXN100603,MERCHANT002,CUSTOMER8729,16210.37,WALLET,SUCCESS,,0,2026-08-17T17:32:43.384539
TXN100604,MERCHANT002,CUSTOMER9698,2359.23,CARD,SUCCESS,,0,2026-08-20T23:41:12.384544
TXN100605,MERCHANT003,CUSTOMER8430,9166.93,WALLET,FAILED,TIMEOUT,3,2026-07-27T15:49:34.384551
TXN100606,MERCHANT005,CUSTOMER2054,623.83,CARD,SUCCESS,,0,2026-07-25T07:22:12.384556
TXN100607,MERCHANT003,CUSTOMER8040,19320.5,NET_BANKING,SUCCESS,,0,2026-08-22T01:57:08.384561
TXN100608,MERCHANT002,CUSTOMER6306,21571.49,CARD,SUCCESS,,0,2026-08-05T20:55:10.384567
TXN100609,MERCHANT003,CUSTOMER8431,6487.87,CARD,FAILED,BANK_DECLINED,0,2026-07-30T13:49:08.384573
TXN100610,MERCHANT003,CUSTOMER8759,18095.45,WALLET,SUCCESS,,0,2026-07-27T01:29:54.384578
TXN100611,MERCHANT003,CUSTOMER3024,22201.99,WALLET,FAILED,NETWORK_ERROR,1,2026-08-08T14:33:38.384584
TXN100612,MERCHANT005,CUSTOMER6742,18682.68,WALLET,FAILED,BANK_DECLINED,3,2026-08-01T02:29:24.384591
TXN100613,MERCHANT002,CUSTOMER7479,1847.75,NET_BANKING,SUCCESS,,0,2026-07-30T15:46:54.384596
TXN100614,MERCHANT003,CUSTOMER8476,11913.89,WALLET,FAILED,BANK_DECLINED,1,2026-07-31T14:41:41.384602
TXN100615,MERCHANT004,CUSTOMER6273,11861.54,WALLET,SUCCESS,,0,2026-08-21T14:02:00.384608
TXN100616,MERCHANT003,CUSTOMER5076,13901.62,NET_BANKING,FAILED,UNKNOWN,2,2026-08-14T07:27:16.384614
TXN100617,MERCHANT005,CUSTOMER9338,10905.57,CARD,SUCCESS,,0,2026-08-23T04:00:44.384619
TXN100618,MERCHANT005,CUSTOMER5368,6972.1,UPI,SUCCESS,,0,2026-08-05T07:51:20.384625
TXN100619,MERCHANT005,CUSTOMER8424,22062.34,UPI,FAILED,TIMEOUT,1,2026-08-14T11:00:35.384631
TXN100620,MERCHANT003,CUSTOMER9385,2797.09,CARD,SUCCESS,,0,2026-08-03T08:36:03.384636
TXN100621,MERCHANT003,CUSTOMER6406,23282.97,NET_BANKING,SUCCESS,,0,2026-08-22T18:25:41.384642
TXN100622,MERCHANT005,CUSTOMER9280,17435.37,CARD,FAILED,BANK_DECLINED,2,2026-08-10T08:34:37.384648
TXN100623,MERCHANT005,CUSTOMER7216,24935.67,UPI,FAILED,BANK_DECLINED,1,2026-08-15T06:29:50.384654
TXN100624,MERCHANT001,CUSTOMER8887,17003.69,UPI,FAILED,BANK_DECLINED,3,2026-08-05T20:52:01.384660
TXN100625,MERCHANT003,CUSTOMER3971,3860.7,UPI,SUCCESS,,0,2026-08-23T20:33:37.384666
TXN100626,MERCHANT004,CUSTOMER6515,15173.46,UPI,SUCCESS,,0,2026-07-28T05:59:18.384671
TXN100627,MERCHANT003,CUSTOMER3841,22573.43,WALLET,SUCCESS,,0,2026-07-27T11:22:49.384676
TXN100628,MERCHANT002,CUSTOMER8817,6197.87,NET_BANKING,FAILED,UNKNOWN,0,2026-08-21T08:08:42.384682
TXN100629,MERCHANT005,CUSTOMER3712,18114.7,NET_BANKING,SUCCESS,,0,2026-08-09T12:48:49.384688
TXN100630,MERCHANT005,CUSTOMER5263,19520.99,UPI,SUCCESS,,0,2026-08-06T21:52:06.384693
TXN100631,MERCHANT002,CUSTOMER5874,22175.32,UPI,SUCCESS,,0,2026-07-25T00:55:32.384708
TXN100632,MERCHANT004,CUSTOMER9981,6134.03,WALLET,FAILED,BANK_DECLINED,1,2026-08-24T04:19:21.384715
TXN100633,MERCHANT005,CUSTOMER9206,20145.79,UPI,SUCCESS,,0,2026-08-08T05:57:03.384720
TXN100634,MERCHANT001,CUSTOMER8836,17765.97,NET_BANKING,SUCCESS,,0,2026-07-31T23:23:14.384726
TXN100635,MERCHANT004,CUSTOMER3931,6327.08,WALLET,SUCCESS,,0,2026-08-09T09:52:06.384731
TXN100636,MERCHANT003,CUSTOMER2403,7647.28,NET_BANKING,SUCCESS,,0,2026-08-18T21:22:54.384736
TXN100637,MERCHANT002,CUSTOMER2946,1632.83,WALLET,SUCCESS,,0,2026-08-14T16:25:17.384742
TXN100638,MERCHANT005,CUSTOMER3798,8303.64,CARD,SUCCESS,,0,2026-08-14T18:56:43.384747
TXN100639,MERCHANT001,CUSTOMER9529,11495.66,CARD,SUCCESS,,0,2026-08-22T21:25:40.384752
TXN100640,MERCHANT002,CUSTOMER4644,16136.17,CARD,SUCCESS,,0,2026-08-11T04:34:59.384757
TXN100641,MERCHANT002,CUSTOMER9766,18129.53,WALLET,SUCCESS,,0,2026-08-14T16:05:38.384763
TXN100642,MERCHANT004,CUSTOMER7813,24589.45,CARD,SUCCESS,,0,2026-08-16T09:09:31.384768
TXN100643,MERCHANT003,CUSTOMER2669,18251.38,UPI,SUCCESS,,0,2026-08-10T07:02:22.384773
TXN100644,MERCHANT004,CUSTOMER9501,5581.0,CARD,SUCCESS,,0,2026-08-24T08:48:38.384779
TXN100645,MERCHANT005,CUSTOMER6302,7080.51,NET_BANKING,SUCCESS,,0,2026-07-29T23:04:24.384784
TXN100646,MERCHANT002,CUSTOMER6493,8580.42,NET_BANKING,SUCCESS,,0,2026-08-24T06:17:57.384789
TXN100647,MERCHANT003,CUSTOMER5239,15587.13,UPI,FAILED,TIMEOUT,2,2026-08-10T01:11:21.384796
TXN100648,MERCHANT002,CUSTOMER6314,2242.63,UPI,SUCCESS,,0,2026-08-09T01:30:06.384801
TXN100649,MERCHANT001,CUSTOMER6794,23949.17,CARD,SUCCESS,,0,2026-08-03T09:24:54.384806
TXN100650,MERCHANT002,CUSTOMER1284,11653.99,NET_BANKING,SUCCESS,,0,2026-08-18T18:00:54.384811
TXN100651,MERCHANT003,CUSTOMER5103,21943.68,WALLET,SUCCESS,,0,2026-07-30T17:57:07.384816
TXN100652,MERCHANT005,CUSTOMER3764,8391.72,NET_BANKING,FAILED,UNKNOWN,0,2026-07-25T09:14:58.384823
TXN100653,MERCHANT005,CUSTOMER1682,18856.72,WALLET,FAILED,NETWORK_ERROR,2,2026-08-19T13:32:15.384829
TXN100654,MERCHANT005,CUSTOMER4104,21527.79,NET_BANKING,SUCCESS,,0,2026-08-09T09:52:37.384835
TXN100655,MERCHANT005,CUSTOMER7704,11149.72,CARD,SUCCESS,,0,2026-08-12T08:21:56.384840
TXN100656,MERCHANT002,CUSTOMER3030,14822.01,UPI,SUCCESS,,0,2026-08-20T11:59:46.384845
TXN100657,MERCHANT005,CUSTOMER5001,1635.01,UPI,SUCCESS,,0,2026-07-27T20:21:14.384850
TXN100658,MERCHANT004,CUSTOMER3107,14079.26,NET_BANKING,SUCCESS,,0,2026-07-26T03:53:39.384855
TXN100659,MERCHANT003,CUSTOMER7149,7804.15,NET_BANKING,SUCCESS,,0,2026-08-08T16:42:23.384860
TXN100660,MERCHANT002,CUSTOMER2986,23095.07,WALLET,SUCCESS,,0,2026-07-28T23:01:21.384865
TXN100661,MERCHANT004,CUSTOMER1977,17848.57,CARD,SUCCESS,,0,2026-08-07T19:48:54.384871
TXN100662,MERCHANT002,CUSTOMER6660,20137.04,CARD,FAILED,TIMEOUT,2,2026-08-12T07:29:30.384877
TXN100663,MERCHANT004,CUSTOMER6931,12972.81,NET_BANKING,FAILED,INSUFFICIENT_FUNDS,2,2026-08-22T14:39:21.384883
TXN100664,MERCHANT005,CUSTOMER6112,8415.25,CARD,SUCCESS,,0,2026-08-09T09:31:03.384889
TXN100665,MERCHANT002,CUSTOMER8749,20039.88,UPI,SUCCESS,,0,2026-08-01T00:50:00.384894
TXN100666,MERCHANT003,CUSTOMER3561,6110.46,NET_BANKING,SUCCESS,,0,2026-08-23T11:23:06.384899
TXN100667,MERCHANT005,CUSTOMER5671,18908.44,CARD,SUCCESS,,0,2026-08-24T17:07:29.384905
TXN100668,MERCHANT001,CUSTOMER6636,7968.46,CARD,SUCCESS,,0,2026-07-30T02:53:54.384910
TXN100669,MERCHANT003,CUSTOMER8572,9476.12,UPI,FAILED,TIMEOUT,2,2026-08-19T10:06:51.384916
TXN100670,MERCHANT002,CUSTOMER7640,14996.55,WALLET,SUCCESS,,0,2026-08-07T09:55:06.384921
TXN100671,MERCHANT005,CUSTOMER6472,11885.02,UPI,SUCCESS,,0,2026-07-29T21:41:25.384926
TXN100672,MERCHANT004,CUSTOMER6588,2157.38,WALLET,SUCCESS,,0,2026-08-16T00:25:37.384932
TXN100673,MERCHANT001,CUSTOMER2554,12121.82,WALLET,SUCCESS,,0,2026-08-21T06:22:06.384937
TXN100674,MERCHANT001,CUSTOMER8397,8394.96,CARD,FAILED,INSUFFICIENT_FUNDS,3,2026-07-29T01:23:57.384943
TXN100675,MERCHANT002,CUSTOMER1215,7835.98,WALLET,SUCCESS,,0,2026-08-03T00:49:57.384949
TXN100676,MERCHANT002,CUSTOMER7279,22571.09,CARD,SUCCESS,,0,2026-08-03T22:03:54.384954
TXN100677,MERCHANT002,CUSTOMER9183,1435.49,CARD,SUCCESS,,0,2026-08-03T12:31:36.384959
TXN100678,MERCHANT001,CUSTOMER8136,5804.16,NET_BANKING,SUCCESS,,0,2026-07-29T10:47:06.384964
TXN100679,MERCHANT003,CUSTOMER2587,7454.11,NET_BANKING,SUCCESS,,0,2026-08-14T13:20:30.384969
TXN100680,MERCHANT003,CUSTOMER4194,3015.94,WALLET,SUCCESS,,0,2026-08-07T01:12:48.384975
TXN100681,MERCHANT005,CUSTOMER9778,23968.87,WALLET,SUCCESS,,0,2026-08-16T19:59:52.384980
TXN100682,MERCHANT001,CUSTOMER8001,16082.08,CARD,FAILED,BANK_DECLINED,3,2026-08-22T10:09:10.384986
TXN100683,MERCHANT001,CUSTOMER5114,1873.02,UPI,SUCCESS,,0,2026-08-04T20:20:00.384992
TXN100684,MERCHANT004,CUSTOMER7827,9196.87,WALLET,SUCCESS,,0,2026-08-09T06:46:11.384997
TXN100685,MERCHANT003,CUSTOMER2805,3981.89,CARD,SUCCESS,,0,2026-07-31T16:15:44.385002
TXN100686,MERCHANT004,CUSTOMER3043,17661.38,UPI,FAILED,TIMEOUT,3,2026-08-11T03:40:41.385008
TXN100687,MERCHANT002,CUSTOMER2187,6202.91,WALLET,SUCCESS,,0,2026-07-26T16:52:50.385013
TXN100688,MERCHANT001,CUSTOMER6774,3132.41,NET_BANKING,SUCCESS,,0,2026-08-08T14:35:25.385019
TXN100689,MERCHANT004,CUSTOMER4129,21459.42,CARD,SUCCESS,,0,2026-08-24T11:14:03.385024
TXN100690,MERCHANT003,CUSTOMER6346,7724.94,UPI,SUCCESS,,0,2026-08-06T05:19:04.385029
TXN100691,MERCHANT003,CUSTOMER1538,6589.79,WALLET,SUCCESS,,0,2026-08-20T21:24:37.385034
TXN100692,MERCHANT001,CUSTOMER2917,4978.54,NET_BANKING,SUCCESS,,0,2026-08-19T03:58:03.385039
TXN100693,MERCHANT005,CUSTOMER4400,3247.49,WALLET,FAILED,UNKNOWN,3,2026-08-09T03:42:23.385045
TXN100694,MERCHANT002,CUSTOMER9295,22205.71,WALLET,SUCCESS,,0,2026-08-24T15:44:51.385050
TXN100695,MERCHANT004,CUSTOMER8986,2177.39,UPI,SUCCESS,,0,2026-08-07T13:23:58.385056
TXN100696,MERCHANT002,CUSTOMER8573,8512.03,NET_BANKING,SUCCESS,,0,2026-08-15T00:07:36.385061
TXN100697,MERCHANT004,CUSTOMER9830,22696.85,WALLET,SUCCESS,,0,2026-07-29T16:26:24.385066
TXN100698,MERCHANT001,CUSTOMER9119,3920.41,NET_BANKING,SUCCESS,,0,2026-08-07T06:20:07.385071
TXN100699,MERCHANT003,CUSTOMER7503,11530.67,CARD,SUCCESS,,0,2026-08-18T05:30:26.385076
TXN100700,MERCHANT001,CUSTOMER5963,18421.67,UPI,SUCCESS,,0,2026-08-17T22:45:52.385081
TXN100701,MERCHANT003,CUSTOMER8868,20512.31,NET_BANKING,FAILED,UNKNOWN,2,2026-08-02T16:35:55.385087
TXN100702,MERCHANT003,CUSTOMER3012,20995.77,UPI,FAILED,NETWORK_ERROR,2,2026-07-29T23:56:55.385094
TXN100703,MERCHANT005,CUSTOMER2008,10979.27,WALLET,SUCCESS,,0,2026-08-22T14:02:07.385099
TXN100704,MERCHANT003,CUSTOMER1500,13559.46,CARD,SUCCESS,,0,2026-08-06T00:42:01.385105
TXN100705,MERCHANT001,CUSTOMER2684,9153.03,UPI,SUCCESS,,0,2026-08-13T14:38:59.385110
TXN100706,MERCHANT001,CUSTOMER5964,21734.41,NET_BANKING,SUCCESS,,0,2026-07-27T17:39:15.385115
TXN100707,MERCHANT003,CUSTOMER9021,116.91,NET_BANKING,SUCCESS,,0,2026-08-22T08:29:10.385120
TXN100708,MERCHANT005,CUSTOMER3112,19440.06,CARD,FAILED,BANK_DECLINED,1,2026-07-28T12:28:51.385126
TXN100709,MERCHANT003,CUSTOMER2164,11089.91,WALLET,FAILED,BANK_DECLINED,2,2026-07-29T18:52:26.385133
TXN100710,MERCHANT005,CUSTOMER4910,6995.34,NET_BANKING,SUCCESS,,0,2026-08-06T04:15:28.385138
TXN100711,MERCHANT004,CUSTOMER8094,7934.09,WALLET,SUCCESS,,0,2026-07-29T16:40:42.385143
TXN100712,MERCHANT004,CUSTOMER2991,1491.12,CARD,SUCCESS,,0,2026-08-06T01:21:55.385148
TXN100713,MERCHANT003,CUSTOMER6840,14592.64,CARD,SUCCESS,,0,2026-08-19T20:44:55.385153
TXN100714,MERCHANT005,CUSTOMER4970,6197.81,CARD,SUCCESS,,0,2026-07-28T16:37:58.385158
TXN100715,MERCHANT002,CUSTOMER9926,6522.49,CARD,SUCCESS,,0,2026-08-16T10:49:41.385164
TXN100716,MERCHANT003,CUSTOMER1618,15617.05,UPI,SUCCESS,,0,2026-08-15T18:53:55.385169
TXN100717,MERCHANT003,CUSTOMER1064,17063.91,UPI,SUCCESS,,0,2026-08-11T11:57:54.385174
TXN100718,MERCHANT004,CUSTOMER3511,17963.48,CARD,SUCCESS,,0,2026-08-22T04:50:02.385179
TXN100719,MERCHANT001,CUSTOMER7906,20487.87,CARD,FAILED,BANK_DECLINED,2,2026-08-05T13:08:12.385185
TXN100720,MERCHANT002,CUSTOMER2233,5749.31,WALLET,SUCCESS,,0,2026-08-09T16:44:23.385191
TXN100721,MERCHANT001,CUSTOMER7821,12794.17,UPI,SUCCESS,,0,2026-08-02T05:52:34.385204
TXN100722,MERCHANT002,CUSTOMER7485,14868.78,NET_BANKING,SUCCESS,,0,2026-08-23T07:40:09.385210
TXN100723,MERCHANT005,CUSTOMER9888,22807.99,CARD,SUCCESS,,0,2026-07-25T05:56:33.385215
TXN100724,MERCHANT004,CUSTOMER7558,2197.1,WALLET,SUCCESS,,0,2026-07-30T04:46:20.385220
TXN100725,MERCHANT001,CUSTOMER4738,9209.88,NET_BANKING,FAILED,TIMEOUT,1,2026-08-21T22:54:24.385227
TXN100726,MERCHANT002,CUSTOMER2278,17171.8,UPI,SUCCESS,,0,2026-07-27T02:29:21.385232
TXN100727,MERCHANT002,CUSTOMER3838,1931.21,UPI,SUCCESS,,0,2026-08-11T11:21:30.385237
TXN100728,MERCHANT001,CUSTOMER3481,22670.38,WALLET,SUCCESS,,0,2026-07-27T11:18:40.385243
TXN100729,MERCHANT004,CUSTOMER1101,24804.23,WALLET,SUCCESS,,0,2026-08-05T15:08:49.385248
TXN100730,MERCHANT001,CUSTOMER1154,14796.04,WALLET,SUCCESS,,0,2026-08-10T08:34:05.385253
TXN100731,MERCHANT002,CUSTOMER4551,1355.17,UPI,SUCCESS,,0,2026-08-20T10:29:51.385259
TXN100732,MERCHANT003,CUSTOMER3001,3363.4,NET_BANKING,SUCCESS,,0,2026-07-28T22:08:49.385264
TXN100733,MERCHANT002,CUSTOMER4039,11170.51,WALLET,SUCCESS,,0,2026-08-10T13:11:43.385269
TXN100734,MERCHANT003,CUSTOMER5649,4156.41,WALLET,SUCCESS,,0,2026-07-28T22:36:08.385274
TXN100735,MERCHANT003,CUSTOMER5913,7008.29,WALLET,SUCCESS,,0,2026-07-25T05:41:57.385280
TXN100736,MERCHANT004,CUSTOMER5946,18912.13,NET_BANKING,SUCCESS,,0,2026-08-05T20:29:03.385285
TXN100737,MERCHANT003,CUSTOMER1837,20278.18,NET_BANKING,SUCCESS,,0,2026-08-19T16:42:10.385290
TXN100738,MERCHANT001,CUSTOMER8236,16267.3,UPI,SUCCESS,,0,2026-08-15T15:04:12.385296
TXN100739,MERCHANT002,CUSTOMER8857,3867.01,WALLET,SUCCESS,,0,2026-08-02T07:08:43.385301
TXN100740,MERCHANT003,CUSTOMER4931,2043.82,CARD,SUCCESS,,0,2026-08-04T12:05:34.385306
TXN100741,MERCHANT001,CUSTOMER1871,10732.75,CARD,SUCCESS,,0,2026-08-17T18:37:37.385311
TXN100742,MERCHANT005,CUSTOMER4017,14808.57,CARD,SUCCESS,,0,2026-08-10T01:01:01.385316
TXN100743,MERCHANT001,CUSTOMER1050,2578.23,NET_BANKING,SUCCESS,,0,2026-08-16T13:36:40.385321
TXN100744,MERCHANT003,CUSTOMER5015,6936.66,WALLET,SUCCESS,,0,2026-07-30T18:14:52.385326
TXN100745,MERCHANT003,CUSTOMER7439,23956.25,WALLET,SUCCESS,,0,2026-08-09T00:39:30.385331
TXN100746,MERCHANT004,CUSTOMER3590,9192.68,NET_BANKING,SUCCESS,,0,2026-08-05T12:07:40.385337
TXN100747,MERCHANT002,CUSTOMER1727,1235.98,WALLET,SUCCESS,,0,2026-07-26T16:28:00.385342
TXN100748,MERCHANT005,CUSTOMER3605,20299.24,NET_BANKING,SUCCESS,,0,2026-08-03T15:45:23.385347
TXN100749,MERCHANT003,CUSTOMER7686,4095.48,WALLET,SUCCESS,,0,2026-08-05T21:42:21.385352
TXN100750,MERCHANT002,CUSTOMER4463,6260.67,CARD,SUCCESS,,0,2026-08-05T16:54:58.385357
TXN100751,MERCHANT004,CUSTOMER8659,7081.57,CARD,SUCCESS,,0,2026-08-18T05:23:27.385363
TXN100752,MERCHANT001,CUSTOMER1179,17233.53,CARD,SUCCESS,,0,2026-08-12T07:40:08.385368
TXN100753,MERCHANT004,CUSTOMER3070,4918.8,NET_BANKING,SUCCESS,,0,2026-08-07T07:09:22.385373
TXN100754,MERCHANT003,CUSTOMER1441,14658.42,WALLET,SUCCESS,,0,2026-08-09T14:55:15.385378
TXN100755,MERCHANT003,CUSTOMER7108,7131.32,CARD,SUCCESS,,0,2026-08-05T21:25:59.385383
TXN100756,MERCHANT005,CUSTOMER1701,21529.19,CARD,SUCCESS,,0,2026-07-30T09:38:41.385389
TXN100757,MERCHANT002,CUSTOMER3545,7997.47,WALLET,SUCCESS,,0,2026-07-28T05:17:28.385394
TXN100758,MERCHANT002,CUSTOMER2215,10735.21,UPI,SUCCESS,,0,2026-07-30T23:13:29.385399
TXN100759,MERCHANT003,CUSTOMER5967,380.34,UPI,SUCCESS,,0,2026-08-10T02:07:51.385405
TXN100760,MERCHANT001,CUSTOMER1388,4158.68,NET_BANKING,SUCCESS,,0,2026-08-15T08:26:51.385410
TXN100761,MERCHANT001,CUSTOMER8538,22729.27,NET_BANKING,SUCCESS,,0,2026-07-27T16:14:27.385415
TXN100762,MERCHANT001,CUSTOMER1510,4066.11,CARD,FAILED,TIMEOUT,2,2026-07-27T12:00:21.385421
TXN100763,MERCHANT001,CUSTOMER7359,5985.95,NET_BANKING,SUCCESS,,0,2026-08-14T15:59:50.385427
TXN100764,MERCHANT005,CUSTOMER8109,16389.53,CARD,SUCCESS,,0,2026-08-05T16:07:02.385432
TXN100765,MERCHANT002,CUSTOMER9168,13155.34,NET_BANKING,SUCCESS,,0,2026-08-24T07:50:35.385437
TXN100766,MERCHANT005,CUSTOMER8728,24016.5,WALLET,SUCCESS,,0,2026-08-10T04:20:04.385442
TXN100767,MERCHANT002,CUSTOMER7515,5531.23,UPI,SUCCESS,,0,2026-08-19T00:37:13.385448
TXN100768,MERCHANT005,CUSTOMER8077,24130.51,WALLET,SUCCESS,,0,2026-08-02T08:20:21.385453
TXN100769,MERCHANT002,CUSTOMER3942,14896.47,NET_BANKING,SUCCESS,,0,2026-08-08T20:53:31.385458
TXN100770,MERCHANT004,CUSTOMER2245,9627.67,WALLET,SUCCESS,,0,2026-08-06T16:13:49.385464
TXN100771,MERCHANT005,CUSTOMER6902,17793.96,UPI,SUCCESS,,0,2026-08-17T00:55:34.385469
TXN100772,MERCHANT003,CUSTOMER1893,6873.86,UPI,SUCCESS,,0,2026-08-23T03:47:36.385474
TXN100773,MERCHANT005,CUSTOMER5675,16751.35,CARD,FAILED,BANK_DECLINED,3,2026-07-28T12:26:54.385480
TXN100774,MERCHANT005,CUSTOMER4095,17127.48,NET_BANKING,SUCCESS,,0,2026-08-01T15:56:10.385485
TXN100775,MERCHANT002,CUSTOMER1393,22684.74,NET_BANKING,SUCCESS,,0,2026-08-23T05:08:16.385491
TXN100776,MERCHANT002,CUSTOMER6113,21347.36,UPI,SUCCESS,,0,2026-07-25T15:58:26.385496
TXN100777,MERCHANT002,CUSTOMER4278,9086.82,CARD,SUCCESS,,0,2026-07-27T02:58:16.385501
TXN100778,MERCHANT002,CUSTOMER6545,19209.4,NET_BANKING,SUCCESS,,0,2026-08-06T23:13:12.385506
TXN100779,MERCHANT005,CUSTOMER7139,20485.02,CARD,SUCCESS,,0,2026-08-24T09:52:47.385511
TXN100780,MERCHANT001,CUSTOMER3772,3389.29,UPI,SUCCESS,,0,2026-07-30T10:00:13.385516
TXN100781,MERCHANT001,CUSTOMER2027,8865.68,CARD,SUCCESS,,0,2026-08-07T20:14:31.385521
TXN100782,MERCHANT004,CUSTOMER7381,24938.68,WALLET,SUCCESS,,0,2026-08-23T14:17:43.385527
TXN100783,MERCHANT002,CUSTOMER6863,13728.24,CARD,FAILED,NETWORK_ERROR,2,2026-08-07T04:33:43.385533
TXN100784,MERCHANT001,CUSTOMER2877,18764.2,WALLET,SUCCESS,,0,2026-08-22T17:16:28.385539
TXN100785,MERCHANT003,CUSTOMER7310,11739.95,UPI,FAILED,TIMEOUT,1,2026-08-02T00:28:02.385545
TXN100786,MERCHANT005,CUSTOMER3818,22491.13,WALLET,FAILED,TIMEOUT,2,2026-08-22T11:36:15.385552
TXN100787,MERCHANT003,CUSTOMER7413,3611.38,UPI,SUCCESS,,0,2026-08-21T11:07:13.385557
TXN100788,MERCHANT002,CUSTOMER7801,19416.75,UPI,SUCCESS,,0,2026-08-06T05:02:57.385562
TXN100789,MERCHANT002,CUSTOMER1665,13880.51,NET_BANKING,SUCCESS,,0,2026-08-17T17:33:36.385567
TXN100790,MERCHANT004,CUSTOMER6126,16334.79,WALLET,SUCCESS,,0,2026-08-03T12:15:08.385572
TXN100791,MERCHANT003,CUSTOMER2735,19325.89,NET_BANKING,FAILED,TIMEOUT,2,2026-08-02T07:09:28.385579
TXN100792,MERCHANT004,CUSTOMER5062,5317.45,UPI,SUCCESS,,0,2026-08-10T08:53:09.385584
TXN100793,MERCHANT002,CUSTOMER7374,5733.15,CARD,SUCCESS,,0,2026-08-04T17:50:26.385589
TXN100794,MERCHANT005,CUSTOMER7275,1073.74,NET_BANKING,FAILED,BANK_DECLINED,3,2026-08-18T12:38:29.385595
TXN100795,MERCHANT002,CUSTOMER7067,13201.33,CARD,SUCCESS,,0,2026-07-25T09:37:02.385600
TXN100796,MERCHANT001,CUSTOMER4348,9458.68,NET_BANKING,SUCCESS,,0,2026-07-31T15:48:17.385606
TXN100797,MERCHANT004,CUSTOMER4925,19169.48,WALLET,SUCCESS,,0,2026-08-08T11:11:14.385611
TXN100798,MERCHANT004,CUSTOMER4161,5619.6,CARD,SUCCESS,,0,2026-08-06T05:33:35.385616
TXN100799,MERCHANT002,CUSTOMER1370,14397.1,UPI,FAILED,TIMEOUT,3,2026-07-30T12:19:15.385632
TXN100800,MERCHANT001,CUSTOMER8333,7625.66,WALLET,SUCCESS,,0,2026-08-02T22:18:57.385638
TXN100801,MERCHANT003,CUSTOMER7342,17562.06,WALLET,SUCCESS,,0,2026-08-24T09:37:58.385643
TXN100802,MERCHANT004,CUSTOMER2149,19273.17,WALLET,SUCCESS,,0,2026-08-08T13:30:55.385648
TXN100803,MERCHANT004,CUSTOMER5324,4259.67,NET_BANKING,SUCCESS,,0,2026-08-05T11:18:56.385653
TXN100804,MERCHANT003,CUSTOMER5271,10609.26,UPI,FAILED,BANK_DECLINED,1,2026-07-26T15:45:29.385660
TXN100805,MERCHANT004,CUSTOMER3510,463.32,UPI,SUCCESS,,0,2026-08-13T18:29:49.385665
TXN100806,MERCHANT002,CUSTOMER4495,13836.67,UPI,SUCCESS,,0,2026-08-14T00:08:45.385670
TXN100807,MERCHANT003,CUSTOMER1445,7300.15,UPI,SUCCESS,,0,2026-08-05T13:33:48.385675
TXN100808,MERCHANT005,CUSTOMER8282,20774.25,UPI,SUCCESS,,0,2026-08-18T20:34:41.385680
TXN100809,MERCHANT005,CUSTOMER2221,15580.74,WALLET,SUCCESS,,0,2026-08-23T05:08:38.385685
TXN100810,MERCHANT004,CUSTOMER8942,3386.18,NET_BANKING,SUCCESS,,0,2026-08-21T16:42:08.385691
TXN100811,MERCHANT001,CUSTOMER5125,17124.67,UPI,SUCCESS,,0,2026-08-20T13:54:45.385696
TXN100812,MERCHANT004,CUSTOMER4058,22236.82,NET_BANKING,FAILED,BANK_DECLINED,0,2026-08-03T13:46:11.385711
TXN100813,MERCHANT003,CUSTOMER2561,18534.87,NET_BANKING,SUCCESS,,0,2026-08-05T18:44:03.385717
TXN100814,MERCHANT002,CUSTOMER9270,23915.21,NET_BANKING,SUCCESS,,0,2026-08-05T20:34:06.385722
TXN100815,MERCHANT003,CUSTOMER7584,18295.14,CARD,SUCCESS,,0,2026-08-05T10:18:08.385728
TXN100816,MERCHANT002,CUSTOMER7918,21945.69,CARD,SUCCESS,,0,2026-07-25T19:43:12.385733
TXN100817,MERCHANT003,CUSTOMER3005,7068.81,CARD,SUCCESS,,0,2026-08-20T23:54:45.385738
TXN100818,MERCHANT004,CUSTOMER1914,22593.43,UPI,SUCCESS,,0,2026-08-01T22:59:49.385743
TXN100819,MERCHANT002,CUSTOMER4581,20279.27,UPI,SUCCESS,,0,2026-08-20T16:21:19.385748
TXN100820,MERCHANT004,CUSTOMER1667,10983.38,NET_BANKING,SUCCESS,,0,2026-08-12T00:56:38.385754
TXN100821,MERCHANT003,CUSTOMER8102,13367.18,WALLET,SUCCESS,,0,2026-08-01T12:30:45.385759
TXN100822,MERCHANT004,CUSTOMER8603,15809.67,CARD,SUCCESS,,0,2026-07-31T08:04:24.385764
TXN100823,MERCHANT001,CUSTOMER3993,3816.98,UPI,SUCCESS,,0,2026-08-19T23:28:36.385769
TXN100824,MERCHANT003,CUSTOMER8591,11695.46,CARD,FAILED,BANK_DECLINED,1,2026-07-27T02:43:21.385775
TXN100825,MERCHANT001,CUSTOMER1232,663.0,WALLET,SUCCESS,,0,2026-08-10T13:52:28.385781
TXN100826,MERCHANT003,CUSTOMER3183,8737.01,NET_BANKING,SUCCESS,,0,2026-07-28T09:09:23.385786
TXN100827,MERCHANT002,CUSTOMER8661,19522.83,WALLET,SUCCESS,,0,2026-08-20T12:44:32.385791
TXN100828,MERCHANT005,CUSTOMER4412,24365.87,WALLET,FAILED,INSUFFICIENT_FUNDS,1,2026-08-12T08:06:51.385797
TXN100829,MERCHANT005,CUSTOMER8293,3670.55,UPI,SUCCESS,,0,2026-08-04T12:59:01.385802
TXN100830,MERCHANT001,CUSTOMER1427,15896.86,CARD,SUCCESS,,0,2026-08-12T05:18:45.385808
TXN100831,MERCHANT003,CUSTOMER2313,22188.68,WALLET,FAILED,BANK_DECLINED,1,2026-08-23T13:40:25.385813
TXN100832,MERCHANT004,CUSTOMER6050,15053.61,CARD,SUCCESS,,0,2026-08-06T03:47:17.385819
TXN100833,MERCHANT002,CUSTOMER4555,17249.4,CARD,SUCCESS,,0,2026-08-14T22:34:27.385824
TXN100834,MERCHANT002,CUSTOMER1672,1180.06,NET_BANKING,SUCCESS,,0,2026-07-29T03:25:39.385829
TXN100835,MERCHANT003,CUSTOMER7475,7364.12,NET_BANKING,SUCCESS,,0,2026-08-24T05:20:01.385834
TXN100836,MERCHANT003,CUSTOMER1513,10510.96,NET_BANKING,SUCCESS,,0,2026-08-12T14:10:07.385839
TXN100837,MERCHANT005,CUSTOMER5407,22753.63,NET_BANKING,SUCCESS,,0,2026-08-22T17:22:01.385844
TXN100838,MERCHANT003,CUSTOMER9142,22278.0,NET_BANKING,SUCCESS,,0,2026-08-06T19:05:02.385850
TXN100839,MERCHANT001,CUSTOMER5570,3797.24,WALLET,SUCCESS,,0,2026-08-02T12:46:27.385855
TXN100840,MERCHANT002,CUSTOMER4730,7090.84,CARD,SUCCESS,,0,2026-08-03T15:28:39.385860
TXN100841,MERCHANT004,CUSTOMER6752,5717.0,WALLET,FAILED,INSUFFICIENT_FUNDS,0,2026-08-22T13:27:16.385866
TXN100842,MERCHANT003,CUSTOMER4956,12365.35,NET_BANKING,FAILED,INSUFFICIENT_FUNDS,2,2026-08-15T21:19:37.385873
TXN100843,MERCHANT004,CUSTOMER9631,22840.29,UPI,SUCCESS,,0,2026-08-18T06:53:55.385878
TXN100844,MERCHANT005,CUSTOMER1003,12056.11,NET_BANKING,SUCCESS,,0,2026-08-20T12:56:04.385883
TXN100845,MERCHANT002,CUSTOMER7369,6103.47,WALLET,FAILED,NETWORK_ERROR,1,2026-08-19T22:13:01.385889
TXN100846,MERCHANT003,CUSTOMER1456,22045.6,UPI,SUCCESS,,0,2026-08-24T13:45:56.385895
TXN100847,MERCHANT004,CUSTOMER7260,9014.72,UPI,FAILED,BANK_DECLINED,3,2026-08-24T09:10:42.385901
TXN100848,MERCHANT004,CUSTOMER3518,11198.15,CARD,SUCCESS,,0,2026-08-02T03:24:46.385906
TXN100849,MERCHANT001,CUSTOMER5280,22215.41,UPI,SUCCESS,,0,2026-07-28T10:09:55.385911
TXN100850,MERCHANT004,CUSTOMER9402,10525.24,NET_BANKING,SUCCESS,,0,2026-08-19T13:33:08.385916
TXN100851,MERCHANT004,CUSTOMER3941,7125.43,NET_BANKING,SUCCESS,,0,2026-08-21T10:28:40.385921
TXN100852,MERCHANT003,CUSTOMER8817,14404.82,CARD,SUCCESS,,0,2026-08-18T08:48:37.385926
TXN100853,MERCHANT005,CUSTOMER7134,4874.27,NET_BANKING,SUCCESS,,0,2026-08-24T22:22:22.385931
TXN100854,MERCHANT002,CUSTOMER1011,13038.79,WALLET,SUCCESS,,0,2026-08-17T12:53:15.385937
TXN100855,MERCHANT001,CUSTOMER8415,15888.0,CARD,SUCCESS,,0,2026-08-04T00:51:52.385942
TXN100856,MERCHANT004,CUSTOMER8310,21191.4,NET_BANKING,SUCCESS,,0,2026-08-02T16:49:54.385947
TXN100857,MERCHANT004,CUSTOMER3413,18176.26,CARD,SUCCESS,,0,2026-08-24T20:08:26.385952
TXN100858,MERCHANT002,CUSTOMER6001,22707.31,WALLET,SUCCESS,,0,2026-08-13T19:46:30.385957
TXN100859,MERCHANT001,CUSTOMER7439,4805.48,UPI,SUCCESS,,0,2026-08-02T14:13:41.385962
TXN100860,MERCHANT003,CUSTOMER9724,17350.48,WALLET,SUCCESS,,0,2026-07-30T05:39:16.385967
TXN100861,MERCHANT003,CUSTOMER8298,17383.63,CARD,SUCCESS,,0,2026-07-28T05:40:32.385972
TXN100862,MERCHANT005,CUSTOMER4112,11429.85,CARD,SUCCESS,,0,2026-07-27T20:38:51.385977
TXN100863,MERCHANT001,CUSTOMER4592,9648.79,UPI,SUCCESS,,0,2026-08-20T17:29:42.385983
TXN100864,MERCHANT003,CUSTOMER3680,10678.43,WALLET,SUCCESS,,0,2026-07-30T08:19:19.385988
TXN100865,MERCHANT002,CUSTOMER1719,5333.11,WALLET,SUCCESS,,0,2026-08-12T08:22:54.385993
TXN100866,MERCHANT005,CUSTOMER6686,20297.3,WALLET,SUCCESS,,0,2026-08-21T22:44:08.385998
TXN100867,MERCHANT005,CUSTOMER7639,17816.41,UPI,FAILED,TIMEOUT,0,2026-08-16T18:32:17.386004
TXN100868,MERCHANT002,CUSTOMER3313,2565.62,CARD,SUCCESS,,0,2026-08-11T04:21:32.386010
TXN100869,MERCHANT001,CUSTOMER7355,24171.77,CARD,SUCCESS,,0,2026-08-11T10:50:48.386014
TXN100870,MERCHANT004,CUSTOMER1284,12854.5,UPI,SUCCESS,,0,2026-08-24T19:47:36.386020
TXN100871,MERCHANT002,CUSTOMER9174,8212.19,CARD,SUCCESS,,0,2026-08-21T19:17:56.386025
TXN100872,MERCHANT001,CUSTOMER5575,17907.71,UPI,SUCCESS,,0,2026-07-30T08:44:35.386030
TXN100873,MERCHANT005,CUSTOMER6540,20734.05,WALLET,SUCCESS,,0,2026-08-24T13:32:05.386035
TXN100874,MERCHANT004,CUSTOMER5019,15092.08,NET_BANKING,SUCCESS,,0,2026-08-03T03:59:06.386040
TXN100875,MERCHANT001,CUSTOMER7802,23292.42,NET_BANKING,FAILED,NETWORK_ERROR,2,2026-08-17T18:25:54.386046
TXN100876,MERCHANT003,CUSTOMER9406,13009.98,CARD,SUCCESS,,0,2026-08-13T05:55:08.386051
TXN100877,MERCHANT004,CUSTOMER3132,13257.9,CARD,SUCCESS,,0,2026-07-30T16:44:08.386056
TXN100878,MERCHANT002,CUSTOMER7962,5790.05,CARD,SUCCESS,,0,2026-08-19T01:15:35.386061
TXN100879,MERCHANT003,CUSTOMER3213,11130.52,UPI,FAILED,TIMEOUT,3,2026-08-13T04:34:25.386067
TXN100880,MERCHANT003,CUSTOMER4313,461.66,NET_BANKING,SUCCESS,,0,2026-08-02T10:41:17.386073
TXN100881,MERCHANT002,CUSTOMER7077,15452.08,UPI,SUCCESS,,0,2026-08-17T03:00:28.386078
TXN100882,MERCHANT002,CUSTOMER1535,16480.14,CARD,SUCCESS,,0,2026-08-05T20:06:58.386083
TXN100883,MERCHANT005,CUSTOMER2410,21329.32,NET_BANKING,SUCCESS,,0,2026-08-11T19:51:59.386088
TXN100884,MERCHANT003,CUSTOMER1722,6686.02,WALLET,SUCCESS,,0,2026-08-21T05:38:42.386093
TXN100885,MERCHANT002,CUSTOMER9580,576.84,WALLET,SUCCESS,,0,2026-08-01T20:34:11.386098
TXN100886,MERCHANT002,CUSTOMER8964,16905.14,NET_BANKING,SUCCESS,,0,2026-08-13T05:27:09.386103
TXN100887,MERCHANT001,CUSTOMER9895,2031.97,UPI,FAILED,BANK_DECLINED,0,2026-08-09T20:26:15.386109
TXN100888,MERCHANT002,CUSTOMER2519,2080.69,UPI,SUCCESS,,0,2026-08-24T17:16:20.386114
TXN100889,MERCHANT003,CUSTOMER3006,15442.52,WALLET,SUCCESS,,0,2026-08-21T02:00:22.386119
TXN100890,MERCHANT004,CUSTOMER2331,6772.98,UPI,SUCCESS,,0,2026-08-08T09:49:25.386125
TXN100891,MERCHANT005,CUSTOMER4842,18062.63,CARD,SUCCESS,,0,2026-08-10T06:25:03.386130
TXN100892,MERCHANT005,CUSTOMER4377,17473.03,UPI,SUCCESS,,0,2026-08-09T07:34:00.386135
TXN100893,MERCHANT004,CUSTOMER4043,5217.5,UPI,SUCCESS,,0,2026-08-05T10:20:42.386140
TXN100894,MERCHANT001,CUSTOMER1175,13675.4,CARD,SUCCESS,,0,2026-08-20T15:29:06.386145
TXN100895,MERCHANT003,CUSTOMER1044,11968.16,CARD,FAILED,TIMEOUT,1,2026-08-02T03:39:56.386152
TXN100896,MERCHANT004,CUSTOMER5016,9364.19,CARD,SUCCESS,,0,2026-08-19T17:21:16.386157
TXN100897,MERCHANT002,CUSTOMER9782,24556.69,NET_BANKING,SUCCESS,,0,2026-08-04T09:15:04.386162
TXN100898,MERCHANT005,CUSTOMER3328,17866.63,NET_BANKING,FAILED,NETWORK_ERROR,3,2026-07-25T01:39:16.386169
TXN100899,MERCHANT005,CUSTOMER1313,18043.44,NET_BANKING,SUCCESS,,0,2026-08-08T10:05:34.386174
TXN100900,MERCHANT004,CUSTOMER3810,13420.55,NET_BANKING,SUCCESS,,0,2026-08-15T01:13:32.386180
TXN100901,MERCHANT003,CUSTOMER3196,19921.35,UPI,SUCCESS,,0,2026-07-29T08:19:10.386185
TXN100902,MERCHANT004,CUSTOMER9680,21336.7,WALLET,SUCCESS,,0,2026-08-02T19:33:29.386198
TXN100903,MERCHANT005,CUSTOMER6123,20212.6,CARD,SUCCESS,,0,2026-08-11T16:21:26.386203
TXN100904,MERCHANT003,CUSTOMER3330,14033.21,UPI,SUCCESS,,0,2026-08-24T20:26:48.386208
TXN100905,MERCHANT005,CUSTOMER1134,13805.29,CARD,SUCCESS,,0,2026-08-21T07:16:55.386214
TXN100906,MERCHANT002,CUSTOMER4279,15287.63,UPI,SUCCESS,,0,2026-07-25T04:55:15.386219
TXN100907,MERCHANT001,CUSTOMER4619,2566.94,NET_BANKING,SUCCESS,,0,2026-08-05T02:21:44.386224
TXN100908,MERCHANT004,CUSTOMER1435,16986.98,WALLET,SUCCESS,,0,2026-07-29T04:24:35.386229
TXN100909,MERCHANT001,CUSTOMER6187,13845.46,WALLET,SUCCESS,,0,2026-08-03T18:27:38.386234
TXN100910,MERCHANT002,CUSTOMER9498,22987.79,UPI,SUCCESS,,0,2026-07-31T07:42:02.386239
TXN100911,MERCHANT004,CUSTOMER5079,5762.81,NET_BANKING,SUCCESS,,0,2026-08-16T20:26:25.386245
TXN100912,MERCHANT002,CUSTOMER6825,17979.21,UPI,SUCCESS,,0,2026-07-28T01:28:47.386250
TXN100913,MERCHANT003,CUSTOMER9452,9573.36,WALLET,SUCCESS,,0,2026-08-01T05:18:30.386255
TXN100914,MERCHANT005,CUSTOMER1710,15965.43,CARD,SUCCESS,,0,2026-08-07T09:39:38.386260
TXN100915,MERCHANT004,CUSTOMER3369,20458.36,CARD,SUCCESS,,0,2026-08-04T11:37:46.386266
TXN100916,MERCHANT001,CUSTOMER1126,21437.55,UPI,SUCCESS,,0,2026-07-27T22:17:41.386271
TXN100917,MERCHANT002,CUSTOMER3661,12318.68,CARD,SUCCESS,,0,2026-08-17T06:10:14.386276
TXN100918,MERCHANT005,CUSTOMER1701,17505.47,NET_BANKING,SUCCESS,,0,2026-08-01T02:39:32.386281
TXN100919,MERCHANT003,CUSTOMER3739,4035.14,NET_BANKING,SUCCESS,,0,2026-08-01T02:31:50.386286
TXN100920,MERCHANT003,CUSTOMER4903,17942.19,NET_BANKING,SUCCESS,,0,2026-08-08T13:44:33.386291
TXN100921,MERCHANT001,CUSTOMER6966,5151.15,CARD,SUCCESS,,0,2026-08-14T17:26:36.386297
TXN100922,MERCHANT003,CUSTOMER4713,14075.33,NET_BANKING,SUCCESS,,0,2026-08-03T05:20:09.386302
TXN100923,MERCHANT005,CUSTOMER1735,1042.9,WALLET,SUCCESS,,0,2026-08-13T23:06:06.386307
TXN100924,MERCHANT002,CUSTOMER7667,10926.93,WALLET,SUCCESS,,0,2026-08-18T00:06:45.386312
TXN100925,MERCHANT004,CUSTOMER6815,12143.07,NET_BANKING,SUCCESS,,0,2026-08-22T15:30:25.386317
TXN100926,MERCHANT004,CUSTOMER8893,22883.43,UPI,SUCCESS,,0,2026-08-24T15:59:34.386322
TXN100927,MERCHANT002,CUSTOMER2007,22756.98,NET_BANKING,SUCCESS,,0,2026-08-23T02:59:09.386327
TXN100928,MERCHANT001,CUSTOMER4343,22377.85,NET_BANKING,SUCCESS,,0,2026-07-27T05:05:59.386332
TXN100929,MERCHANT005,CUSTOMER8945,16913.21,CARD,SUCCESS,,0,2026-08-19T14:15:45.386338
TXN100930,MERCHANT004,CUSTOMER8236,2460.7,UPI,FAILED,UNKNOWN,1,2026-08-11T04:07:40.386344
TXN100931,MERCHANT005,CUSTOMER2244,24824.6,UPI,SUCCESS,,0,2026-08-03T02:05:45.386349
TXN100932,MERCHANT005,CUSTOMER3860,11207.54,NET_BANKING,SUCCESS,,0,2026-08-04T04:20:27.386354
TXN100933,MERCHANT004,CUSTOMER6824,14555.93,CARD,SUCCESS,,0,2026-08-09T17:45:16.386359
TXN100934,MERCHANT004,CUSTOMER5333,18880.43,WALLET,SUCCESS,,0,2026-08-24T07:27:08.386365
TXN100935,MERCHANT005,CUSTOMER7848,4054.54,WALLET,SUCCESS,,0,2026-08-03T17:44:56.386370
TXN100936,MERCHANT003,CUSTOMER9396,17860.07,NET_BANKING,SUCCESS,,0,2026-07-27T09:21:21.386375
TXN100937,MERCHANT003,CUSTOMER7828,5964.63,UPI,SUCCESS,,0,2026-08-03T20:17:02.386380
TXN100938,MERCHANT005,CUSTOMER2111,21046.9,NET_BANKING,SUCCESS,,0,2026-08-09T18:25:33.386385
TXN100939,MERCHANT002,CUSTOMER7016,7696.78,UPI,SUCCESS,,0,2026-08-13T01:31:46.386391
TXN100940,MERCHANT001,CUSTOMER8298,4543.46,CARD,SUCCESS,,0,2026-08-07T16:26:23.386396
TXN100941,MERCHANT005,CUSTOMER4343,9176.04,WALLET,FAILED,UNKNOWN,1,2026-07-26T21:58:08.386402
TXN100942,MERCHANT004,CUSTOMER6811,14174.24,CARD,SUCCESS,,0,2026-07-28T02:18:11.386407
TXN100943,MERCHANT003,CUSTOMER1707,12675.83,CARD,SUCCESS,,0,2026-08-17T22:27:36.386412
TXN100944,MERCHANT004,CUSTOMER3719,8229.98,UPI,SUCCESS,,0,2026-07-28T01:32:59.386417
TXN100945,MERCHANT001,CUSTOMER6920,24375.29,NET_BANKING,SUCCESS,,0,2026-08-04T19:00:38.386422
TXN100946,MERCHANT002,CUSTOMER3836,11036.47,UPI,SUCCESS,,0,2026-08-10T03:28:57.386428
TXN100947,MERCHANT003,CUSTOMER3949,16576.21,WALLET,SUCCESS,,0,2026-08-24T21:22:28.386433
TXN100948,MERCHANT004,CUSTOMER5828,18834.55,UPI,FAILED,INSUFFICIENT_FUNDS,0,2026-08-21T19:15:51.386439
TXN100949,MERCHANT001,CUSTOMER4599,8608.1,UPI,SUCCESS,,0,2026-08-14T06:25:27.386444
TXN100950,MERCHANT002,CUSTOMER6127,18374.74,WALLET,SUCCESS,,0,2026-07-30T16:19:36.386449
TXN100951,MERCHANT002,CUSTOMER9501,23311.54,NET_BANKING,SUCCESS,,0,2026-07-31T06:56:02.386455
TXN100952,MERCHANT004,CUSTOMER3563,16520.24,WALLET,FAILED,TIMEOUT,0,2026-07-26T23:42:36.386461
TXN100953,MERCHANT005,CUSTOMER7405,245.35,WALLET,SUCCESS,,0,2026-08-01T20:34:02.386466
TXN100954,MERCHANT005,CUSTOMER6166,3454.95,NET_BANKING,SUCCESS,,0,2026-08-21T03:42:41.386471
TXN100955,MERCHANT003,CUSTOMER8489,10784.67,CARD,SUCCESS,,0,2026-07-29T05:13:56.386477
TXN100956,MERCHANT002,CUSTOMER7508,20836.74,CARD,FAILED,BANK_DECLINED,2,2026-08-06T02:15:53.386483
TXN100957,MERCHANT004,CUSTOMER3864,11697.18,NET_BANKING,SUCCESS,,0,2026-08-12T22:34:54.386488
TXN100958,MERCHANT003,CUSTOMER9741,19953.82,WALLET,SUCCESS,,0,2026-07-28T08:43:55.386494
TXN100959,MERCHANT003,CUSTOMER7004,16855.23,CARD,SUCCESS,,0,2026-08-07T15:01:52.386499
TXN100960,MERCHANT003,CUSTOMER8044,1388.09,NET_BANKING,SUCCESS,,0,2026-08-19T11:46:32.386504
TXN100961,MERCHANT002,CUSTOMER9420,9698.83,UPI,SUCCESS,,0,2026-08-20T10:31:31.386509
TXN100962,MERCHANT004,CUSTOMER1726,15519.14,NET_BANKING,SUCCESS,,0,2026-08-19T08:37:30.386514
TXN100963,MERCHANT005,CUSTOMER4937,24123.98,CARD,FAILED,TIMEOUT,2,2026-08-13T14:16:17.386521
TXN100964,MERCHANT005,CUSTOMER2958,16332.81,WALLET,SUCCESS,,0,2026-08-24T05:02:58.386526
TXN100965,MERCHANT002,CUSTOMER9319,20586.44,NET_BANKING,SUCCESS,,0,2026-08-14T02:59:12.386531
TXN100966,MERCHANT003,CUSTOMER7488,12153.47,NET_BANKING,SUCCESS,,0,2026-08-21T04:14:37.386536
TXN100967,MERCHANT003,CUSTOMER5924,21087.18,WALLET,SUCCESS,,0,2026-07-31T22:50:59.386542
TXN100968,MERCHANT004,CUSTOMER7262,9439.65,WALLET,FAILED,UNKNOWN,2,2026-07-27T21:54:37.386548
TXN100969,MERCHANT002,CUSTOMER3510,9846.76,CARD,SUCCESS,,0,2026-08-09T01:35:35.386553
TXN100970,MERCHANT003,CUSTOMER9075,6313.98,WALLET,SUCCESS,,0,2026-08-08T21:50:28.386558
TXN100971,MERCHANT004,CUSTOMER4257,12520.25,UPI,SUCCESS,,0,2026-07-31T01:28:46.386563
TXN100972,MERCHANT002,CUSTOMER9511,11043.45,UPI,FAILED,NETWORK_ERROR,3,2026-07-25T13:22:40.386569
TXN100973,MERCHANT003,CUSTOMER1384,11985.8,WALLET,SUCCESS,,0,2026-08-15T09:19:48.386575
TXN100974,MERCHANT004,CUSTOMER6261,7411.03,NET_BANKING,SUCCESS,,0,2026-07-30T21:51:15.386580
TXN100975,MERCHANT001,CUSTOMER6266,9829.04,WALLET,SUCCESS,,0,2026-08-11T02:50:58.386585
TXN100976,MERCHANT003,CUSTOMER8549,21331.67,UPI,SUCCESS,,0,2026-08-14T12:04:36.386590
TXN100977,MERCHANT004,CUSTOMER5371,22495.61,CARD,SUCCESS,,0,2026-08-18T20:36:35.386595
TXN100978,MERCHANT004,CUSTOMER5066,17305.23,CARD,SUCCESS,,0,2026-08-06T01:02:33.386600
TXN100979,MERCHANT005,CUSTOMER2386,15881.5,WALLET,SUCCESS,,0,2026-08-15T13:21:06.386606
TXN100980,MERCHANT005,CUSTOMER8848,21372.08,CARD,SUCCESS,,0,2026-08-02T06:30:35.386611
TXN100981,MERCHANT004,CUSTOMER2060,20130.43,NET_BANKING,SUCCESS,,0,2026-08-09T11:53:45.386616
TXN100982,MERCHANT001,CUSTOMER3787,10850.67,WALLET,SUCCESS,,0,2026-08-12T18:56:40.386621
TXN100983,MERCHANT002,CUSTOMER1301,18355.08,UPI,SUCCESS,,0,2026-08-09T13:50:49.386626
TXN100984,MERCHANT004,CUSTOMER5348,8408.43,CARD,SUCCESS,,0,2026-08-03T04:07:36.386631
TXN100985,MERCHANT004,CUSTOMER7426,21228.98,NET_BANKING,SUCCESS,,0,2026-07-31T03:14:04.386636
TXN100986,MERCHANT005,CUSTOMER3525,17509.79,UPI,SUCCESS,,0,2026-08-18T12:44:19.386642
TXN100987,MERCHANT001,CUSTOMER2992,15303.7,WALLET,FAILED,NETWORK_ERROR,1,2026-08-12T02:58:29.386648
TXN100988,MERCHANT001,CUSTOMER7354,5062.33,UPI,FAILED,UNKNOWN,1,2026-08-02T21:33:55.386655
TXN100989,MERCHANT003,CUSTOMER8993,9299.19,UPI,SUCCESS,,0,2026-08-17T09:12:47.386660
TXN100990,MERCHANT003,CUSTOMER1326,16987.87,CARD,SUCCESS,,0,2026-08-07T23:22:27.386665
TXN100991,MERCHANT005,CUSTOMER8395,18497.41,UPI,FAILED,BANK_DECLINED,0,2026-08-16T09:51:52.386671
TXN100992,MERCHANT003,CUSTOMER7242,4538.44,CARD,FAILED,UNKNOWN,3,2026-07-26T00:45:18.386677
TXN100993,MERCHANT004,CUSTOMER1162,24289.0,UPI,SUCCESS,,0,2026-08-06T13:00:05.386691
TXN100994,MERCHANT005,CUSTOMER4680,11353.74,NET_BANKING,SUCCESS,,0,2026-08-21T08:30:52.386696
TXN100995,MERCHANT005,CUSTOMER5401,1186.65,WALLET,SUCCESS,,0,2026-08-12T13:37:33.386701
TXN100996,MERCHANT004,CUSTOMER1829,7832.6,WALLET,SUCCESS,,0,2026-08-05T01:47:05.386707
TXN100997,MERCHANT005,CUSTOMER2080,18974.33,UPI,FAILED,INSUFFICIENT_FUNDS,0,2026-07-26T15:56:01.386713
TXN100998,MERCHANT002,CUSTOMER4822,16925.46,WALLET,SUCCESS,,0,2026-08-24T09:00:24.386718
TXN100999,MERCHANT004,CUSTOMER5054,4303.03,WALLET,SUCCESS,,0,2026-08-12T11:00:23.386723
TXN101000,MERCHANT001,CUSTOMER4718,12059.43,WALLET,SUCCESS,,0,2026-08-12T11:52:38.386728
